acure_bl_nuc,acure_ait_width,acure_cloud_ph,acure_carb_ff_ems,acure_carb_bb_ems,acure_carb_res_ems,acure_carb_ff_diam,acure_carb_bb_diam,acure_carb_res_diam,acure_carb_bb_vertical,acure_prim_moc,acure_prim_so4_diam,acure_sea_spray,acure_anth_so2,acure_anthropogenic_so2_emission_height,acure_volc_so2,acure_bvoc_soa,acure_dms,acure_dry_dep_ait,acure_dry_dep_acc,acure_dry_dep_so2,acure_deposition_rate_substep,acure_kappa_oc,acure_sig_w,acure_rain_frac,acure_cloud_ice_thresh,acure_convective_plume_scavenging,acure_bc_ri,acure_oxidants,acure_in_cloud_so2_oxidisation,acure_dp_cor_strat,acure_cloud_drop_spectral_dispersion,acure_autoconversion,acure_ar,acure_ice_width,acure_mp_dz_scal,bparam,two_d_fsd_factor,dbsdtbs_turb_0,m_ci,a_ent_1_rp,c_r_correl,ai,acure_pcalc_index,acure_carb_ff_ems_region_1,acure_carb_ff_ems_region_2,acure_carb_ff_ems_region_3,acure_carb_ff_ems_region_4,acure_carb_ff_ems_region_5,acure_carb_ff_ems_region_6,acure_carb_bb_ems_region_1,acure_carb_bb_ems_region_2,acure_carb_bb_ems_region_3,acure_carb_bb_ems_region_4,acure_carb_bb_ems_region_5,acure_carb_bb_ems_region_6,acure_carb_res_ems_region_1,acure_carb_res_ems_region_2,acure_carb_res_ems_region_3,acure_carb_res_ems_region_4,acure_carb_res_ems_region_5,acure_anth_so2_region_1,acure_anth_so2_region_2,acure_anth_so2_region_3,acure_anth_so2_region_4,acure_anth_so2_region_5
x,x,x,x,x,x,x,x,x,x,x,x,x,x,x,x,x,x,x,x,x,x,x,x,x,x,x,x,x,x,x,x,x,x,x,x,x,x,x,x,x,x,x,x,x,x,x,x,x,x,x,x,x,x,x,x,x,x,x,x,x,x,x,x,x,x
6.39,x,x,x,x,x,x,x,x,x,x,x,x,x,x,x,x,x,x,x,x,x,x,x,x,x,x,x,x,x,x,x,x,x,x,x,x,x,x,x,x,x,x,x,x,x,x,x,x,x,x,x,x,x,x,x,x,x,x,x,x,x,x,x,x,x
x,40.86,x,x,x,x,x,x,x,x,x,x,x,x,x,x,x,x,x,x,x,x,x,x,x,x,x,x,x,x,x,x,x,x,x,x,x,x,x,x,x,x,x,x,x,x,x,x,x,x,x,x,x,x,x,x,x,x,x,x,x,x,x,x,x,x
x,x,24.95,x,x,x,x,x,x,x,x,x,x,x,x,x,x,x,x,x,x,x,x,x,x,x,x,x,x,x,x,x,x,x,x,x,x,x,x,x,x,x,x,x,0.5172,0.6304,1.1172,1.1608,1.4004,0.946,x,x,x,x,x,x,x,x,x,x,x,x,x,x,x,x
x,x,x,16.63,x,x,x,x,x,x,x,x,x,x,x,x,x,x,x,x,x,x,x,x,x,x,x,x,x,x,x,x,x,x,x,x,x,x,x,x,x,x,x,x,x,x,x,x,x,x,34.9103,42.777,21.631,8.7591,2.7742,45.9101,x,x,x,x,x,x,x,x,x,x
x,x,x,x,19.73,x,x,x,x,x,x,x,x,x,x,x,x,x,x,x,x,x,x,x,x,x,x,x,x,x,x,x,x,x,x,x,x,x,x,x,x,x,x,x,x,x,x,x,x,x,x,x,x,x,x,x,11.6513,12.4597,2.3359,22.3767,16.591,x,x,x,x,x
x,x,x,x,x,17.42,x,x,x,x,x,x,x,x,x,x,x,x,x,x,x,x,x,x,x,x,x,x,x,x,x,x,x,x,x,x,x,x,x,x,x,x,x,x,x,x,x,x,x,x,x,x,x,x,x,x,x,x,x,x,x,x,x,x,x,x
x,x,x,x,x,x,46.66,x,x,x,x,x,x,x,x,x,x,x,x,x,x,x,x,x,x,x,x,x,x,x,x,x,x,x,x,x,x,x,x,x,x,x,x,x,x,x,x,x,x,x,x,x,x,x,x,x,x,x,x,x,x,x,x,x,x,x
x,x,x,x,x,x,x,13.03,x,x,x,x,x,x,x,x,x,x,x,x,x,x,x,x,x,x,x,x,x,x,x,x,x,x,x,x,x,x,x,x,x,x,x,x,x,x,x,x,x,x,x,x,x,x,x,x,x,x,x,x,x,x,x,x,x,x
x,x,x,x,x,x,x,x,21.42,x,x,x,x,x,x,x,x,x,x,x,x,x,x,x,x,x,x,x,x,x,x,x,x,x,x,x,x,x,x,x,x,x,x,x,x,x,x,x,x,x,x,x,x,x,x,x,x,x,x,x,x,x,x,x,x,x
x,x,x,x,x,x,x,x,x,17.05,x,x,x,x,x,x,x,x,x,x,x,x,x,x,x,x,x,x,x,x,x,x,x,x,x,x,x,x,x,x,x,x,x,x,x,x,x,x,x,x,x,x,x,x,x,x,x,x,x,x,x,x,x,x,x,x
x,x,x,x,x,x,x,x,x,x,0.2,x,x,x,x,x,x,x,x,x,x,x,x,x,x,x,x,x,x,x,x,x,x,x,x,x,x,x,x,x,x,x,x,x,x,x,x,x,x,x,x,x,x,x,x,x,x,x,x,x,x,x,x,x,x,x
x,x,x,x,x,x,x,x,x,x,x,20.57,x,x,x,x,x,x,x,x,x,x,x,x,x,x,x,x,x,x,x,x,x,x,x,x,x,x,x,x,x,x,x,x,x,x,x,x,x,x,x,x,x,x,x,x,x,x,x,x,x,x,x,x,x,x
x,x,x,x,x,x,x,x,x,x,x,x,20.4,x,x,x,x,x,x,x,x,x,x,x,x,x,x,x,x,x,x,x,x,x,x,x,x,x,x,x,x,x,x,x,x,x,x,x,x,x,x,x,x,x,x,x,x,x,x,x,x,21.4613,13.1451,20.0638,12.0357,6.9058
x,x,x,x,x,x,x,x,x,x,x,x,x,24.63,x,x,x,x,x,x,x,x,x,x,x,x,x,x,x,x,x,x,x,x,x,x,x,x,x,x,x,x,x,x,x,x,x,x,x,x,x,x,x,x,x,x,x,x,x,x,x,x,x,x,x,x
x,x,x,x,x,x,x,x,x,x,x,x,x,x,42.49,x,x,x,x,x,x,x,x,x,x,x,x,x,x,x,x,x,x,x,x,x,x,x,x,x,x,x,x,x,x,x,x,x,x,x,x,x,x,x,x,x,x,x,x,x,x,x,x,x,x,x
x,x,x,x,x,x,x,x,x,x,x,x,x,x,x,33.52,x,x,x,x,x,x,x,x,x,x,x,x,x,x,x,x,x,x,x,x,x,x,x,x,x,x,x,x,x,x,x,x,x,x,x,x,x,x,x,x,x,x,x,x,x,x,x,x,x,x
x,x,x,x,x,x,x,x,x,x,x,x,x,x,x,x,13.28,x,x,x,x,x,x,x,x,x,x,x,x,x,x,x,x,x,x,x,x,x,x,x,x,x,x,x,x,x,x,x,x,x,x,x,x,x,x,x,x,x,x,x,x,x,x,x,x,x
x,x,x,x,x,x,x,x,x,x,x,x,x,x,x,x,x,46.18,x,x,x,x,x,x,x,x,x,x,x,x,x,x,x,x,x,x,x,x,x,x,x,x,x,x,x,x,x,x,x,x,x,x,x,x,x,x,x,x,x,x,x,x,x,x,x,x
x,x,x,x,x,x,x,x,x,x,x,x,x,x,x,x,x,x,28.52,x,x,x,x,x,x,x,x,x,x,x,x,x,x,x,x,x,x,x,x,x,x,x,x,x,x,x,x,x,x,x,x,x,x,x,x,x,x,x,x,x,x,x,x,x,x,x
x,x,x,x,x,x,x,x,x,x,x,x,x,x,x,x,x,x,x,27.58,x,x,x,x,x,x,x,x,x,x,x,x,x,x,x,x,x,x,x,x,x,x,x,x,x,x,x,x,x,x,x,x,x,x,x,x,x,x,x,x,x,x,x,x,x,x
x,x,x,x,x,x,x,x,x,x,x,x,x,x,x,x,x,x,x,x,28.2,x,x,x,x,x,x,x,x,x,x,x,x,x,x,x,x,x,x,x,x,x,x,x,x,x,x,x,x,x,x,x,x,x,x,x,x,x,x,x,x,x,x,x,x,x
x,x,x,x,x,x,x,x,x,x,x,x,x,x,x,x,x,x,x,x,x,0.04,x,x,x,x,x,x,x,x,x,x,x,x,x,x,x,x,x,x,x,x,x,x,x,x,x,x,x,x,x,x,x,x,x,x,x,x,x,x,x,x,x,x,x,x
x,x,x,x,x,x,x,x,x,x,x,x,x,x,x,x,x,x,x,x,x,x,27.85,x,x,x,x,x,x,x,x,x,x,x,x,x,x,x,x,x,x,x,x,x,x,x,x,x,x,x,x,x,x,x,x,x,x,x,x,x,x,x,x,x,x,x
x,x,x,x,x,x,x,x,x,x,x,x,x,x,x,x,x,x,x,x,x,x,x,38.49,x,x,x,x,x,x,x,x,x,x,x,x,x,x,x,x,x,x,x,x,x,x,x,x,x,x,x,x,x,x,x,x,x,x,x,x,x,x,x,x,x,x
x,x,x,x,x,x,x,x,x,x,x,x,x,x,x,x,x,x,x,x,x,x,x,x,36.11,x,x,x,x,x,x,x,x,x,x,x,x,x,x,x,x,x,x,x,x,x,x,x,x,x,x,x,x,x,x,x,x,x,x,x,x,x,x,x,x,x
x,x,x,x,x,x,x,x,x,x,x,x,x,x,x,x,x,x,x,x,x,x,x,x,x,44.02,x,x,x,x,x,x,x,x,x,x,x,x,x,x,x,x,x,x,x,x,x,x,x,x,x,x,x,x,x,x,x,x,x,x,x,x,x,x,x,x
x,x,x,x,x,x,x,x,x,x,x,x,x,x,x,x,x,x,x,x,x,x,x,x,x,x,36.85,x,x,x,x,x,x,x,x,x,x,x,x,x,x,x,x,x,x,x,x,x,x,x,x,x,x,x,x,x,x,x,x,x,x,x,x,x,x,x
x,x,x,x,x,x,x,x,x,x,x,x,x,x,x,x,x,x,x,x,x,x,x,x,x,x,x,11.34,x,x,x,x,x,x,x,x,x,x,x,x,x,x,x,x,x,x,x,x,x,x,x,x,x,x,x,x,x,x,x,x,x,x,x,x,x,x
x,x,x,x,x,x,x,x,x,x,x,x,x,x,x,x,x,x,x,x,x,x,x,x,x,x,x,x,46.96,x,x,x,x,x,x,x,x,x,x,x,x,x,x,x,x,x,x,x,x,x,x,x,x,x,x,x,x,x,x,x,x,x,x,x,x,x
x,x,x,x,x,x,x,x,x,x,x,x,x,x,x,x,x,x,x,x,x,x,x,x,x,x,x,x,x,33.88,x,x,x,x,x,x,x,x,x,x,x,x,x,x,x,x,x,x,x,x,x,x,x,x,x,x,x,x,x,x,x,x,x,x,x,x
x,x,x,x,x,x,x,x,x,x,x,x,x,x,x,x,x,x,x,x,x,x,x,x,x,x,x,x,x,x,21.92,x,x,x,x,x,x,x,x,x,x,x,x,x,x,x,x,x,x,x,x,x,x,x,x,x,x,x,x,x,x,x,x,x,x,x
x,x,x,x,x,x,x,x,x,x,x,x,x,x,x,x,x,x,x,x,x,x,x,x,x,x,x,x,x,x,x,8.44,x,x,x,x,x,x,x,x,x,x,x,x,x,x,x,x,x,x,x,x,x,x,x,x,x,x,x,x,x,x,x,x,x,x
x,x,x,x,x,x,x,x,x,x,x,x,x,x,x,x,x,x,x,x,x,x,x,x,x,x,x,x,x,x,x,x,13.53,x,x,x,x,x,x,x,x,x,x,x,x,x,x,x,x,x,x,x,x,x,x,x,x,x,x,x,x,x,x,x,x,x
x,x,x,x,x,x,x,x,x,x,x,x,x,x,x,x,x,x,x,x,x,x,x,x,x,x,x,x,x,x,x,x,x,2,x,x,x,x,x,x,x,x,x,x,x,x,x,x,x,x,x,x,x,x,x,x,x,x,x,x,x,x,x,x,x,x
x,x,x,x,x,x,x,x,x,x,x,x,x,x,x,x,x,x,x,x,x,x,x,x,x,x,x,x,x,x,x,x,x,x,45.41,x,x,x,x,x,x,x,x,x,x,x,x,x,x,x,x,x,x,x,x,x,x,x,x,x,x,x,x,x,x,x
x,x,x,x,x,x,x,x,x,x,x,x,x,x,x,x,x,x,x,x,x,x,x,x,x,x,x,x,x,x,x,x,x,x,x,19.42,x,x,x,x,x,x,x,x,x,x,x,x,x,x,x,x,x,x,x,x,x,x,x,x,x,x,x,x,x,x
x,x,x,x,x,x,x,x,x,x,x,x,x,x,x,x,x,x,x,x,x,x,x,x,x,x,x,x,x,x,x,x,x,x,x,x,28.69,x,x,x,x,x,x,x,x,x,x,x,x,x,x,x,x,x,x,x,x,x,x,x,x,x,x,x,x,x
x,x,x,x,x,x,x,x,x,x,x,x,x,x,x,x,x,x,x,x,x,x,x,x,x,x,x,x,x,x,x,x,x,x,x,x,x,23.58,x,x,x,x,x,x,x,x,x,x,x,x,x,x,x,x,x,x,x,x,x,x,x,x,x,x,x,x
x,x,x,x,x,x,x,x,x,x,x,x,x,x,x,x,x,x,x,x,x,x,x,x,x,x,x,x,x,x,x,x,x,x,x,x,x,x,41.29,x,x,x,x,x,x,x,x,x,x,x,x,x,x,x,x,x,x,x,x,x,x,x,x,x,x,x
x,x,x,x,x,x,x,x,x,x,x,x,x,x,x,x,x,x,x,x,x,x,x,x,x,x,x,x,x,x,x,x,x,x,x,x,x,x,x,13.62,x,x,x,x,x,x,x,x,x,x,x,x,x,x,x,x,x,x,x,x,x,x,x,x,x,x
x,x,x,x,x,x,x,x,x,x,x,x,x,x,x,x,x,x,x,x,x,x,x,x,x,x,x,x,x,x,x,x,x,x,x,x,x,x,x,x,2.35,x,x,x,x,x,x,x,x,x,x,x,x,x,x,x,x,x,x,x,x,x,x,x,x,x
x,x,x,x,x,x,x,x,x,x,x,x,x,x,x,x,x,x,x,x,x,x,x,x,x,x,x,x,x,x,x,x,x,x,x,x,x,x,x,x,x,32.54,x,x,x,x,x,x,x,x,x,x,x,x,x,x,x,x,x,x,x,x,x,x,x,x
x,x,x,x,x,x,x,x,x,x,x,x,x,x,x,x,x,x,x,x,x,x,x,x,x,x,x,x,x,x,x,x,x,x,x,x,x,x,x,x,x,x,49.07,x,x,x,x,x,x,x,x,x,x,x,x,x,x,x,x,x,x,x,x,x,x,x
x,x,x,x,x,x,x,x,x,x,x,x,x,x,x,x,x,x,x,x,x,x,x,x,x,x,x,x,x,x,x,x,x,x,x,x,x,x,x,x,x,x,x,17.12,x,x,x,x,x,x,x,x,x,x,x,x,x,x,x,x,x,20.9622,12.8394,19.5972,11.7558,6.7452
x,40.86,24.95,x,x,x,46.66,x,21.42,17.05,0.2,x,20.4,24.63,x,33.52,x,46.18,x,27.58,x,0.04,x,x,x,x,36.85,x,x,x,21.92,8.44,13.53,2,x,19.42,28.69,x,41.29,13.62,2.35,x,49.07,x,x,x,x,x,x,x,x,x,x,x,x,x,x,x,x,x,x,7.4865,4.5855,6.999,4.1985,2.409
x,40.86,24.95,x,x,x,46.66,13.03,21.42,x,x,20.57,x,24.63,x,x,x,x,28.52,x,x,0.04,x,x,x,44.02,36.85,11.34,x,33.88,21.92,8.44,x,2,x,x,28.69,23.58,x,x,2.35,32.54,x,17.12,9.051,11.032,19.551,20.314,24.507,16.555,x,x,x,x,x,x,x,x,x,x,x,x,x,x,x,x
6.39,x,x,16.63,x,x,46.66,13.03,21.42,x,0.2,x,20.4,x,x,x,13.28,x,x,27.58,x,0.04,27.85,38.49,36.11,x,x,11.34,46.96,x,21.92,8.44,x,x,45.41,x,x,23.58,x,x,x,32.54,x,17.12,1.6809,2.0488,3.6309,3.7726,4.5513,3.0745,4.6787,5.733,2.899,1.1739,0.3718,6.1529,3.2227,3.4463,0.6461,6.1893,4.589,x,x,x,x,x
x,x,x,16.63,19.73,17.42,x,x,21.42,17.05,x,20.57,20.4,x,x,x,13.28,46.18,x,x,28.2,x,x,x,36.11,44.02,x,11.34,46.96,x,x,8.44,13.53,x,45.41,19.42,x,23.58,x,13.62,2.35,32.54,x,17.12,x,x,x,x,x,x,16.1955,19.845,10.035,4.0635,1.287,21.2985,11.1555,11.9295,2.2365,21.4245,15.885,22.4595,13.7565,20.997,12.5955,7.227
x,40.86,x,x,19.73,17.42,46.66,x,21.42,x,0.2,20.57,20.4,24.63,42.49,33.52,13.28,46.18,x,x,28.2,x,27.85,x,36.11,x,x,x,x,33.88,x,x,13.53,2,45.41,x,x,x,41.29,x,x,32.54,49.07,x,x,x,x,x,x,x,19.0747,23.373,11.819,4.7859,1.5158,25.0849,13.1387,14.0503,2.6341,25.2333,18.709,x,x,x,x,x
6.39,x,x,x,19.73,17.42,x,x,x,17.05,x,x,20.4,x,42.49,x,x,46.18,x,27.58,x,0.04,27.85,x,x,44.02,36.85,11.34,46.96,x,x,x,13.53,2,45.41,x,x,x,41.29,x,2.35,x,49.07,x,4.2669,5.2008,9.2169,9.5766,11.5533,7.8045,x,x,x,x,x,x,8.1807,8.7483,1.6401,15.7113,11.649,16.4703,10.0881,15.3978,9.2367,5.2998
x,40.86,24.95,16.63,x,17.42,46.66,13.03,21.42,17.05,0.2,20.57,20.4,24.63,x,x,x,x,28.52,27.58,28.2,0.04,x,x,x,44.02,36.85,x,x,33.88,21.92,x,x,2,x,19.42,x,x,x,x,x,32.54,49.07,17.12,8.1459,9.9288,17.5959,18.2826,22.0563,14.8995,22.6737,27.783,14.049,5.6889,1.8018,29.8179,15.6177,16.7013,3.1311,29.9943,22.239,x,x,x,x,x
6.39,40.86,24.95,16.63,19.73,17.42,x,x,x,17.05,0.2,20.57,20.4,x,42.49,33.52,x,x,28.52,x,28.2,x,x,x,x,44.02,36.85,11.34,46.96,x,21.92,x,x,2,x,x,x,23.58,41.29,x,x,x,x,17.12,5.6892,6.9344,12.2892,12.7688,15.4044,10.406,15.8356,19.404,9.812,3.9732,1.2584,20.8252,x,x,x,x,x,21.9604,13.4508,20.5304,12.3156,7.0664
6.39,x,24.95,16.63,19.73,x,x,x,x,x,x,20.57,20.4,24.63,x,x,x,46.18,28.52,x,x,0.04,27.85,38.49,36.11,44.02,x,11.34,x,33.88,x,8.44,13.53,2,x,x,x,23.58,41.29,x,2.35,x,x,17.12,0.9051,1.1032,1.9551,2.0314,2.4507,1.6555,x,x,x,x,x,x,x,x,x,x,x,x,x,x,x,x
x,x,24.95,16.63,x,x,46.66,13.03,x,17.05,x,x,x,x,x,x,x,x,28.52,27.58,28.2,0.04,x,x,36.11,44.02,36.85,11.34,x,33.88,21.92,x,x,x,45.41,x,x,23.58,x,x,2.35,x,x,x,x,x,x,x,x,x,x,x,x,x,x,x,x,x,x,x,x,34.4379,21.0933,32.1954,19.3131,11.0814
x,40.86,24.95,x,x,x,46.66,x,x,17.05,x,20.57,x,24.63,42.49,33.52,x,x,x,x,x,x,x,x,x,x,x,x,x,33.88,x,8.44,x,2,45.41,19.42,28.69,x,41.29,13.62,2.35,32.54,x,x,12.0249,14.6568,25.9749,26.9886,32.5593,21.9945,33.4707,41.013,20.739,8.3979,2.6598,44.0169,23.0547,24.6543,4.6221,44.2773,32.829,x,x,x,x,x
x,x,24.95,16.63,19.73,17.42,46.66,x,x,x,0.2,x,20.4,x,42.49,x,x,46.18,x,27.58,28.2,x,27.85,x,36.11,x,x,x,x,x,x,8.44,x,x,x,x,28.69,23.58,x,13.62,x,32.54,49.07,17.12,x,x,x,x,x,x,x,x,x,x,x,x,x,x,x,x,x,30.4451,18.6477,28.4626,17.0739,9.7966
6.39,40.86,x,x,x,x,46.66,x,21.42,17.05,0.2,20.57,20.4,24.63,42.49,x,x,x,28.52,x,28.2,x,27.85,x,x,x,36.85,x,x,33.88,21.92,x,x,2,45.41,19.42,x,23.58,41.29,13.62,x,32.54,49.07,x,12.1542,14.8144,26.2542,27.2788,32.9094,22.231,x,x,x,x,x,x,23.3026,24.9194,4.6718,44.7534,33.182,x,x,x,x,x
x,x,x,16.63,x,17.42,46.66,13.03,21.42,x,0.2,x,x,x,42.49,33.52,13.28,46.18,x,x,x,0.04,x,x,36.11,x,36.85,x,46.96,x,21.92,8.44,x,x,45.41,x,28.69,x,x,13.62,2.35,32.54,x,17.12,x,x,x,x,x,x,11.1569,13.671,6.913,2.7993,0.8866,14.6723,x,x,x,x,x,x,x,x,x,x
6.39,40.86,24.95,x,19.73,x,46.66,x,x,x,0.2,20.57,20.4,x,42.49,33.52,13.28,46.18,x,x,x,x,27.85,38.49,36.11,x,36.85,x,46.96,x,x,x,x,x,45.41,19.42,x,x,41.29,13.62,x,x,49.07,17.12,1.6809,2.0488,3.6309,3.7726,4.5513,3.0745,x,x,x,x,x,x,3.2227,3.4463,0.6461,6.1893,4.589,6.4883,3.9741,6.0658,3.6387,2.0878
x,x,24.95,16.63,x,17.42,x,x,x,17.05,x,20.57,20.4,24.63,42.49,33.52,13.28,x,x,x,x,0.04,x,38.49,36.11,x,x,x,x,33.88,21.92,8.44,x,x,45.41,19.42,28.69,x,41.29,13.62,x,32.54,x,17.12,x,x,x,x,x,x,x,x,x,x,x,x,x,x,x,x,x,x,x,x,x,x
x,x,x,x,x,x,46.66,13.03,x,x,0.2,20.57,x,x,x,33.52,13.28,46.18,28.52,27.58,28.2,x,27.85,x,x,x,x,x,46.96,x,x,x,x,2,x,x,x,x,x,x,2.35,x,49.07,17.12,x,x,x,x,x,x,x,x,x,x,x,x,5.7017,6.0973,1.1431,10.9503,8.119,11.4793,7.0311,10.7318,6.4377,3.6938
x,x,x,x,x,17.42,46.66,x,x,x,0.2,x,20.4,24.63,42.49,33.52,13.28,x,28.52,27.58,x,0.04,27.85,38.49,x,44.02,x,11.34,46.96,x,x,8.44,13.53,x,x,19.42,x,x,41.29,13.62,2.35,x,49.07,17.12,x,x,x,x,x,x,4.6787,5.733,2.899,1.1739,0.3718,6.1529,3.2227,3.4463,0.6461,6.1893,4.589,6.4883,3.9741,6.0658,3.6387,2.0878
x,x,x,x,19.73,17.42,46.66,13.03,x,x,0.2,x,x,24.63,42.49,33.52,x,x,28.52,27.58,28.2,x,27.85,x,x,x,36.85,11.34,46.96,33.88,21.92,8.44,x,2,x,x,28.69,x,x,x,2.35,32.54,x,17.12,x,x,x,x,x,x,x,x,x,x,x,x,18.8404,20.1476,3.7772,36.1836,26.828,37.9316,23.2332,35.4616,21.2724,12.2056
x,40.86,24.95,x,x,17.42,x,13.03,x,17.05,0.2,x,20.4,24.63,42.49,x,x,x,28.52,x,28.2,0.04,x,38.49,36.11,44.02,36.85,11.34,46.96,33.88,x,x,x,x,45.41,x,28.69,23.58,x,13.62,2.35,32.54,49.07,17.12,7.6287,9.2984,16.4787,17.1218,20.6559,13.9535,x,x,x,x,x,x,14.6261,15.6409,2.9323,28.0899,20.827,x,x,x,x,x
6.39,x,x,16.63,x,17.42,x,x,21.42,17.05,x,x,x,x,x,x,13.28,46.18,28.52,27.58,x,0.04,27.85,x,36.11,44.02,x,x,46.96,33.88,x,x,x,x,x,x,x,x,41.29,x,2.35,x,x,x,8.9217,10.8744,19.2717,20.0238,24.1569,16.3185,24.8331,30.429,15.387,6.2307,1.9734,32.6577,x,x,x,x,x,34.4379,21.0933,32.1954,19.3131,11.0814
x,x,24.95,16.63,19.73,x,x,13.03,21.42,x,0.2,x,x,24.63,x,x,x,x,x,x,28.2,0.04,x,x,x,44.02,x,x,46.96,33.88,21.92,8.44,13.53,2,x,x,28.69,23.58,x,13.62,x,x,49.07,x,4.7841,5.8312,10.3341,10.7374,12.9537,8.7505,13.3163,16.317,8.251,3.3411,1.0582,17.5121,9.1723,9.8087,1.8389,17.6157,13.061,x,x,x,x,x
x,x,24.95,16.63,19.73,17.42,x,13.03,21.42,x,0.2,20.57,20.4,x,x,33.52,x,46.18,x,27.58,x,0.04,27.85,x,36.11,44.02,x,x,46.96,33.88,x,x,13.53,x,45.41,19.42,28.69,x,x,13.62,2.35,x,x,17.12,3.879,4.728,8.379,8.706,10.503,7.095,10.797,13.23,6.69,2.709,0.858,14.199,7.437,7.953,1.491,14.283,10.59,x,x,x,x,x
x,x,x,16.63,19.73,17.42,x,13.03,x,17.05,x,x,x,x,x,33.52,13.28,46.18,x,27.58,28.2,0.04,x,38.49,x,44.02,x,11.34,x,x,x,8.44,13.53,x,45.41,x,x,23.58,41.29,x,2.35,32.54,49.07,x,x,x,x,x,x,x,x,x,x,x,x,x,x,x,x,x,x,22.4595,13.7565,20.997,12.5955,7.227
x,40.86,24.95,x,x,x,x,x,21.42,17.05,x,x,x,24.63,x,x,13.28,46.18,x,27.58,28.2,0.04,x,x,36.11,x,x,11.34,46.96,33.88,x,8.44,13.53,x,x,x,28.69,x,x,x,2.35,32.54,x,17.12,3.1032,3.7824,6.7032,6.9648,8.4024,5.676,x,x,x,x,x,x,5.9496,6.3624,1.1928,11.4264,8.472,x,x,x,x,x
x,x,x,16.63,x,17.42,x,x,21.42,x,0.2,20.57,20.4,x,x,x,x,46.18,x,x,28.2,x,27.85,x,x,x,36.85,x,46.96,x,x,8.44,13.53,x,45.41,x,x,23.58,x,x,x,32.54,x,17.12,x,x,x,x,x,x,29.1519,35.721,18.063,7.3143,2.3166,38.3373,20.0799,21.4731,4.0257,38.5641,28.593,40.4271,24.7617,37.7946,22.6719,13.0086
x,40.86,x,x,19.73,17.42,46.66,x,21.42,17.05,x,20.57,x,24.63,x,33.52,13.28,46.18,28.52,27.58,28.2,0.04,x,38.49,36.11,x,x,11.34,46.96,x,x,8.44,13.53,2,45.41,19.42,28.69,x,41.29,x,x,32.54,49.07,x,8.7924,10.7168,18.9924,19.7336,23.8068,16.082,24.4732,29.988,15.164,6.1404,1.9448,32.1844,16.8572,18.0268,3.3796,32.3748,24.004,x,x,x,x,x
x,x,24.95,16.63,19.73,17.42,46.66,x,x,x,0.2,x,x,x,42.49,33.52,13.28,46.18,28.52,27.58,28.2,0.04,x,x,36.11,x,36.85,x,x,33.88,21.92,8.44,x,x,x,19.42,x,x,x,x,x,32.54,49.07,17.12,x,x,x,x,x,x,21.9539,26.901,13.603,5.5083,1.7446,28.8713,x,x,x,x,x,x,x,x,x,x
x,40.86,24.95,x,19.73,x,x,13.03,x,x,x,x,20.4,x,x,33.52,13.28,46.18,x,27.58,x,0.04,x,38.49,36.11,44.02,36.85,11.34,46.96,33.88,21.92,8.44,x,x,x,19.42,x,x,41.29,13.62,x,32.54,49.07,17.12,x,x,x,x,x,x,x,x,x,x,x,x,9.1723,9.8087,1.8389,17.6157,13.061,x,x,x,x,x
x,40.86,x,x,x,17.42,46.66,x,21.42,17.05,0.2,x,20.4,x,42.49,x,13.28,x,28.52,x,x,0.04,27.85,38.49,x,44.02,36.85,11.34,x,x,x,8.44,x,2,x,19.42,28.69,x,x,13.62,x,x,x,17.12,7.6287,9.2984,16.4787,17.1218,20.6559,13.9535,21.2341,26.019,13.157,5.3277,1.6874,27.9247,14.6261,15.6409,2.9323,28.0899,20.827,29.4469,18.0363,27.5294,16.5141,9.4754
x,40.86,24.95,16.63,19.73,17.42,x,x,21.42,17.05,x,x,20.4,24.63,x,x,x,46.18,x,27.58,x,0.04,27.85,x,36.11,44.02,x,x,x,x,21.92,8.44,13.53,x,45.41,19.42,28.69,x,41.29,x,x,x,x,x,x,x,x,x,x,x,0.3599,0.441,0.223,0.0903,0.0286,0.4733,0.2479,0.2651,0.0497,0.4761,0.353,x,x,x,x,x
6.39,40.86,x,x,19.73,17.42,x,13.03,21.42,17.05,0.2,x,20.4,x,42.49,33.52,x,46.18,x,27.58,x,0.04,x,38.49,36.11,x,x,11.34,x,33.88,21.92,x,x,2,x,19.42,28.69,23.58,x,x,2.35,32.54,49.07,17.12,x,x,x,x,x,x,2.8792,3.528,1.784,0.7224,0.2288,3.7864,1.9832,2.1208,0.3976,3.8088,2.824,3.9928,2.4456,3.7328,2.2392,1.2848
x,40.86,x,x,19.73,17.42,x,13.03,x,x,x,20.57,x,24.63,42.49,33.52,x,46.18,28.52,27.58,x,0.04,27.85,38.49,36.11,44.02,36.85,11.34,46.96,x,x,x,13.53,2,x,19.42,x,23.58,x,13.62,2.35,x,x,x,1.6809,2.0488,3.6309,3.7726,4.5513,3.0745,x,x,x,x,x,x,3.2227,3.4463,0.6461,6.1893,4.589,6.4883,3.9741,6.0658,3.6387,2.0878
6.39,x,24.95,16.63,x,17.42,x,13.03,x,x,0.2,20.57,20.4,24.63,42.49,x,x,x,28.52,27.58,x,x,27.85,38.49,x,x,x,11.34,46.96,x,21.92,8.44,13.53,x,x,19.42,x,x,41.29,x,2.35,32.54,x,17.12,x,x,x,x,x,x,22.6737,27.783,14.049,5.6889,1.8018,29.8179,15.6177,16.7013,3.1311,29.9943,22.239,31.4433,19.2591,29.3958,17.6337,10.1178
x,x,x,x,19.73,17.42,46.66,13.03,21.42,x,x,20.57,20.4,24.63,x,x,13.28,46.18,28.52,x,28.2,x,x,38.49,x,44.02,36.85,11.34,x,33.88,x,8.44,x,2,45.41,x,28.69,x,41.29,x,2.35,x,49.07,17.12,x,x,x,x,x,x,11.5168,14.112,7.136,2.8896,0.9152,15.1456,x,x,x,x,x,15.9712,9.7824,14.9312,8.9568,5.1392
6.39,x,x,x,19.73,x,x,13.03,x,17.05,x,x,x,24.63,x,33.52,13.28,x,x,27.58,x,0.04,x,38.49,36.11,44.02,x,11.34,46.96,33.88,x,x,x,2,x,19.42,28.69,x,41.29,13.62,x,32.54,49.07,17.12,1.6809,2.0488,3.6309,3.7726,4.5513,3.0745,x,x,x,x,x,x,3.2227,3.4463,0.6461,6.1893,4.589,6.4883,3.9741,6.0658,3.6387,2.0878
6.39,40.86,x,16.63,x,17.42,46.66,x,x,x,x,x,x,24.63,x,33.52,x,x,28.52,x,28.2,x,x,x,x,x,36.85,11.34,x,33.88,x,8.44,13.53,2,x,x,x,23.58,x,13.62,2.35,x,x,17.12,10.0854,12.2928,21.7854,22.6356,27.3078,18.447,x,x,x,x,x,x,19.3362,20.6778,3.8766,37.1358,27.534,38.9298,23.8446,36.3948,21.8322,12.5268
x,40.86,24.95,16.63,x,17.42,x,x,21.42,17.05,x,x,x,24.63,42.49,33.52,x,x,28.52,x,x,x,x,38.49,x,x,x,x,x,x,21.92,x,x,2,x,19.42,x,x,x,13.62,x,x,x,x,x,x,x,x,x,x,x,x,x,x,x,x,20.3278,21.7382,4.0754,39.0402,28.946,x,x,x,x,x
6.39,40.86,24.95,x,x,17.42,46.66,x,x,17.05,0.2,20.57,20.4,x,x,33.52,x,46.18,x,x,x,x,27.85,x,x,44.02,36.85,x,46.96,x,21.92,8.44,13.53,2,45.41,19.42,28.69,x,x,13.62,x,x,x,x,10.9905,13.396,23.7405,24.667,29.7585,20.1025,x,x,x,x,x,x,x,x,x,x,x,42.4235,25.9845,39.661,23.7915,13.651
6.39,x,x,16.63,x,x,x,13.03,21.42,x,x,x,20.4,24.63,42.49,x,13.28,x,x,27.58,x,x,x,38.49,36.11,x,x,11.34,x,33.88,21.92,8.44,x,2,45.41,x,28.69,x,x,x,2.35,x,49.07,17.12,x,x,x,x,x,x,x,x,x,x,x,x,x,x,x,x,x,x,x,x,x,x
6.39,x,x,x,x,x,46.66,x,x,17.05,0.2,20.57,x,x,42.49,33.52,x,x,x,x,28.2,0.04,x,38.49,36.11,x,36.85,11.34,x,33.88,x,x,13.53,2,x,19.42,x,x,41.29,x,2.35,32.54,49.07,x,8.7924,10.7168,18.9924,19.7336,23.8068,16.082,x,x,x,x,x,x,16.8572,18.0268,3.3796,32.3748,24.004,x,x,x,x,x
x,40.86,x,16.63,x,17.42,46.66,x,x,17.05,0.2,x,x,x,x,x,13.28,46.18,28.52,27.58,x,0.04,27.85,x,x,x,x,x,46.96,33.88,x,x,13.53,x,45.41,19.42,28.69,23.58,x,x,x,32.54,49.07,x,x,x,x,x,x,x,29.8717,36.603,18.509,7.4949,2.3738,39.2839,x,x,x,x,x,x,x,x,x,x
x,x,x,x,19.73,x,x,13.03,21.42,17.05,x,20.57,x,x,x,33.52,13.28,46.18,x,27.58,28.2,x,x,x,x,44.02,x,x,x,x,x,x,13.53,x,45.41,x,28.69,x,41.29,x,2.35,x,49.07,x,x,x,x,x,x,x,14.0361,17.199,8.697,3.5217,1.1154,18.4587,x,x,x,x,x,x,x,x,x,x
x,40.86,x,x,19.73,x,x,13.03,x,17.05,0.2,20.57,20.4,x,x,33.52,13.28,46.18,28.52,27.58,x,x,27.85,x,36.11,44.02,x,11.34,x,33.88,x,x,13.53,2,x,x,28.69,x,x,x,2.35,32.54,x,17.12,12.2835,14.972,26.5335,27.569,33.2595,22.4675,34.1905,41.895,21.185,8.5785,2.717,44.9635,23.5505,25.1845,4.7215,45.2295,33.535,47.4145,29.0415,44.327,26.5905,15.257
x,x,x,16.63,19.73,17.42,46.66,x,x,17.05,0.2,20.57,x,24.63,x,33.52,x,x,28.52,x,28.2,x,27.85,x,x,44.02,x,11.34,x,33.88,21.92,8.44,x,2,x,x,28.69,x,41.29,13.62,x,x,49.07,17.12,x,x,x,x,x,x,x,x,x,x,x,x,x,x,x,x,x,x,x,x,x,x
x,x,24.95,x,x,x,46.66,x,x,x,0.2,20.57,x,x,42.49,x,x,46.18,28.52,27.58,x,x,x,x,x,44.02,x,x,x,33.88,21.92,8.44,x,x,45.41,19.42,x,23.58,41.29,13.62,x,x,49.07,17.12,x,x,x,x,x,x,x,x,x,x,x,x,12.395,13.255,2.485,23.805,17.65,24.955,15.285,23.33,13.995,8.03
6.39,40.86,24.95,x,x,17.42,x,13.03,21.42,17.05,x,20.57,x,24.63,x,33.52,13.28,46.18,x,x,x,x,x,38.49,36.11,44.02,36.85,11.34,46.96,x,x,8.44,13.53,2,45.41,19.42,x,x,41.29,13.62,2.35,32.54,49.07,17.12,10.7319,13.0808,23.1819,24.0866,29.0583,19.6295,29.8717,36.603,18.509,7.4949,2.3738,39.2839,20.5757,22.0033,4.1251,39.5163,29.299,41.4253,25.3731,38.7278,23.2317,13.3298
6.39,40.86,24.95,16.63,19.73,17.42,x,x,21.42,x,x,x,x,24.63,x,33.52,x,x,x,x,28.2,0.04,27.85,x,x,44.02,36.85,x,x,33.88,21.92,8.44,x,2,45.41,x,28.69,23.58,x,13.62,2.35,x,x,x,x,x,x,x,x,x,19.4346,23.814,12.042,4.8762,1.5444,25.5582,13.3866,14.3154,2.6838,25.7094,19.062,x,x,x,x,x
x,40.86,x,x,19.73,17.42,x,13.03,21.42,17.05,x,x,x,x,42.49,33.52,13.28,x,x,x,x,0.04,x,x,36.11,x,36.85,x,x,33.88,x,x,x,2,45.41,19.42,28.69,23.58,41.29,x,x,32.54,x,x,x,x,x,x,x,x,x,x,x,x,x,x,1.4874,1.5906,0.2982,2.8566,2.118,2.9946,1.8342,2.7996,1.6794,0.9636
x,40.86,x,x,x,17.42,46.66,x,21.42,x,0.2,x,20.4,24.63,x,33.52,13.28,x,x,27.58,x,x,x,38.49,36.11,44.02,x,x,46.96,x,21.92,x,x,x,x,19.42,x,x,41.29,x,2.35,32.54,x,x,9.1803,11.1896,19.8303,20.6042,24.8571,16.7915,x,x,x,x,x,x,17.6009,18.8221,3.5287,33.8031,25.063,x,x,x,x,x
6.39,x,24.95,16.63,x,17.42,46.66,13.03,21.42,x,0.2,20.57,x,x,42.49,x,x,46.18,28.52,27.58,x,x,x,38.49,36.11,x,36.85,11.34,x,33.88,x,x,x,x,x,19.42,x,x,41.29,x,2.35,x,x,17.12,2.9739,3.6248,6.4239,6.6746,8.0523,5.4395,8.2777,10.143,5.129,2.0769,0.6578,10.8859,5.7017,6.0973,1.1431,10.9503,8.119,x,x,x,x,x
x,40.86,24.95,16.63,19.73,17.42,46.66,x,x,17.05,x,20.57,20.4,x,42.49,x,x,46.18,28.52,x,28.2,0.04,x,38.49,x,44.02,x,x,46.96,x,x,x,13.53,2,x,19.42,28.69,x,x,13.62,2.35,32.54,49.07,17.12,x,x,x,x,x,x,24.4732,29.988,15.164,6.1404,1.9448,32.1844,16.8572,18.0268,3.3796,32.3748,24.004,33.9388,20.7876,31.7288,19.0332,10.9208
6.39,x,24.95,x,19.73,17.42,46.66,x,21.42,x,x,20.57,x,24.63,x,33.52,13.28,46.18,x,x,28.2,0.04,27.85,x,x,x,36.85,11.34,x,33.88,x,8.44,13.53,x,45.41,19.42,28.69,23.58,41.29,13.62,2.35,x,x,17.12,x,x,x,x,x,x,12.2366,14.994,7.582,3.0702,0.9724,16.0922,x,x,x,x,x,16.9694,10.3938,15.8644,9.5166,5.4604
6.39,40.86,24.95,x,19.73,x,x,x,x,17.05,x,20.57,20.4,24.63,42.49,33.52,x,46.18,28.52,27.58,28.2,x,x,x,x,x,x,x,46.96,x,x,8.44,13.53,2,x,x,28.69,23.58,x,x,x,x,49.07,x,x,x,x,x,x,x,x,x,x,x,x,x,x,x,x,x,x,35.9352,22.0104,33.5952,20.1528,11.5632
6.39,40.86,x,x,x,x,x,x,21.42,17.05,x,20.57,20.4,24.63,x,x,x,x,x,x,x,x,27.85,x,x,44.02,x,11.34,46.96,33.88,21.92,x,x,2,x,x,28.69,23.58,41.29,x,2.35,32.54,x,17.12,x,x,x,x,x,x,24.8331,30.429,15.387,6.2307,1.9734,32.6577,17.1051,18.2919,3.4293,32.8509,24.357,x,x,x,x,x
6.39,40.86,x,x,19.73,17.42,46.66,x,21.42,x,0.2,20.57,x,x,x,33.52,x,46.18,28.52,x,28.2,0.04,27.85,x,x,x,x,x,46.96,33.88,x,8.44,13.53,x,x,x,28.69,23.58,x,13.62,2.35,x,x,x,x,x,x,x,x,x,x,x,x,x,x,x,18.5925,19.8825,3.7275,35.7075,26.475,37.4325,22.9275,34.995,20.9925,12.045
6.39,40.86,x,x,x,17.42,46.66,x,x,17.05,x,20.57,20.4,24.63,x,33.52,x,46.18,x,27.58,x,x,x,x,x,44.02,x,x,46.96,33.88,21.92,8.44,x,2,x,x,28.69,23.58,41.29,13.62,x,32.54,49.07,x,x,x,x,x,x,x,x,x,x,x,x,x,x,x,x,x,x,2.9946,1.8342,2.7996,1.6794,0.9636
6.39,x,x,x,x,x,46.66,13.03,21.42,x,x,20.57,20.4,24.63,x,33.52,x,46.18,28.52,27.58,28.2,x,x,x,x,x,x,x,46.96,33.88,x,x,x,x,x,x,x,x,41.29,x,x,x,x,17.12,x,x,x,x,x,x,13.6762,16.758,8.474,3.4314,1.0868,17.9854,9.4202,10.0738,1.8886,18.0918,13.414,x,x,x,x,x
x,x,x,x,19.73,17.42,46.66,x,x,x,x,20.57,20.4,x,x,x,x,x,28.52,x,x,0.04,x,x,x,44.02,x,x,46.96,x,x,8.44,x,2,x,19.42,28.69,23.58,x,x,2.35,32.54,49.07,17.12,x,x,x,x,x,x,19.0747,23.373,11.819,4.7859,1.5158,25.0849,13.1387,14.0503,2.6341,25.2333,18.709,x,x,x,x,x
x,x,24.95,x,19.73,17.42,x,x,21.42,17.05,0.2,x,x,x,42.49,x,x,x,28.52,27.58,28.2,x,27.85,38.49,36.11,x,36.85,x,46.96,x,21.92,x,x,2,45.41,19.42,28.69,23.58,x,13.62,x,32.54,x,17.12,0.5172,0.6304,1.1172,1.1608,1.4004,0.946,1.4396,1.764,0.892,0.3612,0.1144,1.8932,0.9916,1.0604,0.1988,1.9044,1.412,x,x,x,x,x
x,x,x,16.63,19.73,17.42,46.66,x,21.42,x,x,x,20.4,x,42.49,x,13.28,x,28.52,x,x,x,27.85,x,x,x,x,x,x,x,21.92,8.44,x,2,45.41,x,28.69,23.58,41.29,13.62,x,32.54,49.07,x,2.1981,2.6792,4.7481,4.9334,5.9517,4.0205,6.1183,7.497,3.791,1.5351,0.4862,8.0461,4.2143,4.5067,0.8449,8.0937,6.001,8.4847,5.1969,7.9322,4.7583,2.7302
6.39,40.86,24.95,16.63,19.73,17.42,x,x,21.42,17.05,x,x,20.4,24.63,42.49,33.52,x,x,x,27.58,x,0.04,x,38.49,x,44.02,x,x,46.96,x,x,x,x,x,45.41,19.42,x,23.58,41.29,13.62,x,x,x,x,x,x,x,x,x,x,29.8717,36.603,18.509,7.4949,2.3738,39.2839,20.5757,22.0033,4.1251,39.5163,29.299,x,x,x,x,x
6.39,x,x,x,19.73,17.42,46.66,x,x,17.05,x,x,20.4,x,42.49,x,13.28,x,x,27.58,x,0.04,x,38.49,x,44.02,x,11.34,46.96,33.88,x,8.44,x,x,x,x,x,23.58,41.29,13.62,2.35,x,49.07,x,0.2586,0.3152,0.5586,0.5804,0.7002,0.473,0.7198,0.882,0.446,0.1806,0.0572,0.9466,0.4958,0.5302,0.0994,0.9522,0.706,x,x,x,x,x
6.39,40.86,24.95,16.63,19.73,17.42,46.66,13.03,21.42,17.05,x,20.57,20.4,x,42.49,33.52,13.28,46.18,x,x,28.2,x,27.85,38.49,36.11,44.02,x,x,x,x,21.92,8.44,13.53,x,x,x,28.69,x,41.29,13.62,x,x,x,x,9.3096,11.3472,20.1096,20.8944,25.2072,17.028,x,x,x,x,x,x,17.8488,19.0872,3.5784,34.2792,25.416,35.9352,22.0104,33.5952,20.1528,11.5632
x,40.86,24.95,16.63,x,17.42,46.66,x,x,x,x,20.57,20.4,24.63,42.49,x,x,46.18,x,27.58,x,x,x,38.49,36.11,44.02,36.85,11.34,46.96,33.88,21.92,x,13.53,2,45.41,19.42,x,23.58,x,x,x,32.54,49.07,x,x,x,x,x,x,x,x,x,x,x,x,x,x,x,x,x,x,x,x,x,x,x
6.39,x,x,x,x,x,46.66,13.03,x,17.05,x,x,20.4,x,42.49,33.52,x,x,x,27.58,28.2,x,27.85,38.49,36.11,x,x,x,46.96,33.88,x,8.44,13.53,x,x,x,x,x,41.29,x,x,x,x,x,x,x,x,x,x,x,x,x,x,x,x,x,x,x,x,x,x,x,x,x,x,x
x,x,x,x,x,x,x,13.03,x,x,0.2,20.57,x,x,x,33.52,13.28,x,x,27.58,x,0.04,27.85,x,36.11,44.02,36.85,11.34,x,33.88,21.92,8.44,x,2,x,19.42,28.69,23.58,41.29,13.62,x,32.54,x,17.12,9.9561,12.1352,21.5061,22.3454,26.9577,18.2105,x,x,x,x,x,x,x,x,x,x,x,38.4307,23.5389,35.9282,21.5523,12.3662
6.39,x,x,16.63,x,x,46.66,x,x,x,0.2,20.57,20.4,24.63,x,33.52,13.28,46.18,28.52,x,x,0.04,27.85,x,36.11,x,x,11.34,46.96,x,21.92,8.44,x,x,x,19.42,x,23.58,41.29,x,2.35,x,49.07,x,x,x,x,x,x,x,19.0747,23.373,11.819,4.7859,1.5158,25.0849,13.1387,14.0503,2.6341,25.2333,18.709,x,x,x,x,x
x,40.86,24.95,x,19.73,17.42,46.66,x,x,x,0.2,x,x,x,42.49,x,13.28,46.18,28.52,x,x,0.04,x,x,x,x,x,11.34,x,x,x,x,x,2,x,x,28.69,x,x,x,x,32.54,49.07,17.12,1.8102,2.2064,3.9102,4.0628,4.9014,3.311,x,x,x,x,x,x,3.4706,3.7114,0.6958,6.6654,4.942,x,x,x,x,x
6.39,x,x,16.63,x,17.42,46.66,x,21.42,x,0.2,x,x,x,x,x,13.28,x,x,27.58,x,0.04,27.85,38.49,x,x,36.85,11.34,46.96,33.88,x,8.44,13.53,x,x,19.42,x,23.58,41.29,x,2.35,x,x,x,x,x,x,x,x,x,x,x,x,x,x,x,x,x,x,x,x,0,0,0,0,0
x,40.86,x,x,x,x,46.66,13.03,21.42,17.05,0.2,20.57,20.4,24.63,x,33.52,13.28,46.18,x,x,x,0.04,27.85,38.49,36.11,44.02,36.85,x,x,x,x,8.44,x,2,x,19.42,28.69,x,41.29,x,2.35,32.54,x,17.12,x,x,x,x,x,x,13.3163,16.317,8.251,3.3411,1.0582,17.5121,x,x,x,x,x,x,x,x,x,x
6.39,40.86,x,x,19.73,x,x,13.03,x,x,0.2,20.57,x,x,42.49,x,13.28,46.18,28.52,27.58,28.2,0.04,x,38.49,x,x,x,11.34,46.96,33.88,21.92,x,13.53,2,x,x,x,x,41.29,13.62,x,32.54,x,x,x,x,x,x,x,x,18.7148,22.932,11.596,4.6956,1.4872,24.6116,12.8908,13.7852,2.5844,24.7572,18.356,25.9532,15.8964,24.2632,14.5548,8.3512
6.39,x,x,x,19.73,17.42,x,x,x,17.05,0.2,20.57,x,24.63,x,33.52,x,46.18,28.52,x,28.2,x,x,38.49,x,x,36.85,x,x,x,x,8.44,13.53,2,45.41,19.42,x,x,x,13.62,2.35,32.54,49.07,x,12.1542,14.8144,26.2542,27.2788,32.9094,22.231,33.8306,41.454,20.962,8.4882,2.6884,44.4902,x,x,x,x,x,x,x,x,x,x
x,40.86,24.95,16.63,19.73,x,46.66,13.03,21.42,17.05,x,20.57,20.4,x,x,33.52,13.28,46.18,x,27.58,28.2,0.04,27.85,x,36.11,44.02,x,x,46.96,x,x,x,13.53,2,45.41,19.42,28.69,23.58,41.29,x,x,x,x,x,x,x,x,x,x,x,15.1158,18.522,9.366,3.7926,1.2012,19.8786,x,x,x,x,x,20.9622,12.8394,19.5972,11.7558,6.7452
x,40.86,24.95,x,19.73,x,46.66,x,x,x,0.2,20.57,x,24.63,42.49,x,13.28,46.18,x,27.58,28.2,0.04,27.85,38.49,x,44.02,36.85,x,x,x,x,8.44,x,2,x,x,28.69,23.58,41.29,13.62,x,32.54,x,x,10.344,12.608,22.344,23.216,28.008,18.92,28.792,35.28,17.84,7.224,2.288,37.864,x,x,x,x,x,39.928,24.456,37.328,22.392,12.848
6.39,40.86,x,16.63,19.73,x,46.66,13.03,21.42,17.05,x,x,x,24.63,42.49,33.52,13.28,46.18,x,27.58,x,0.04,27.85,x,x,x,x,11.34,46.96,x,x,x,x,2,x,19.42,28.69,x,x,x,2.35,32.54,49.07,x,9.6975,11.82,20.9475,21.765,26.2575,17.7375,26.9925,33.075,16.725,6.7725,2.145,35.4975,x,x,x,x,x,x,x,x,x,x
x,x,24.95,16.63,19.73,x,x,x,x,17.05,0.2,x,x,x,x,x,13.28,46.18,x,27.58,28.2,0.04,27.85,x,36.11,44.02,x,11.34,46.96,x,x,x,x,2,45.41,19.42,x,23.58,x,13.62,x,32.54,49.07,17.12,x,x,x,x,x,x,20.5143,25.137,12.711,5.1471,1.6302,26.9781,x,x,x,x,x,28.4487,17.4249,26.5962,15.9543,9.1542
x,40.86,24.95,x,19.73,x,x,x,21.42,x,x,x,x,24.63,42.49,x,13.28,46.18,28.52,x,28.2,0.04,27.85,x,36.11,x,36.85,x,46.96,x,21.92,x,x,2,x,19.42,x,23.58,41.29,13.62,2.35,32.54,x,17.12,3.2325,3.94,6.9825,7.255,8.7525,5.9125,8.9975,11.025,5.575,2.2575,0.715,11.8325,6.1975,6.6275,1.2425,11.9025,8.825,x,x,x,x,x
x,40.86,x,16.63,19.73,17.42,46.66,x,21.42,x,0.2,20.57,x,x,x,33.52,x,46.18,x,x,28.2,x,27.85,x,x,44.02,36.85,x,x,x,21.92,x,x,2,45.41,19.42,28.69,23.58,x,13.62,2.35,x,49.07,x,11.8956,14.4992,25.6956,26.6984,32.2092,21.758,33.1108,40.572,20.516,8.3076,2.6312,43.5436,x,x,x,x,x,45.9172,28.1244,42.9272,25.7508,14.7752
6.39,x,24.95,16.63,19.73,x,x,x,21.42,17.05,0.2,x,20.4,24.63,42.49,x,x,46.18,x,27.58,28.2,0.04,27.85,38.49,36.11,x,36.85,x,46.96,33.88,21.92,8.44,x,x,x,x,x,x,x,13.62,x,x,49.07,17.12,9.5682,11.6624,20.6682,21.4748,25.9074,17.501,26.6326,32.634,16.502,6.6822,2.1164,35.0242,x,x,x,x,x,x,x,x,x,x
6.39,40.86,24.95,16.63,19.73,x,x,x,21.42,x,x,20.57,20.4,x,42.49,x,13.28,x,28.52,x,28.2,0.04,27.85,x,36.11,x,x,11.34,x,x,21.92,x,13.53,x,x,x,28.69,23.58,x,x,2.35,32.54,x,17.12,6.2064,7.5648,13.4064,13.9296,16.8048,11.352,17.2752,21.168,10.704,4.3344,1.3728,22.7184,x,x,x,x,x,23.9568,14.6736,22.3968,13.4352,7.7088
6.39,x,24.95,16.63,19.73,x,x,13.03,21.42,x,x,x,20.4,24.63,42.49,33.52,x,46.18,28.52,x,x,0.04,x,x,36.11,x,x,11.34,x,x,21.92,x,13.53,x,x,x,x,23.58,41.29,13.62,2.35,x,49.07,x,10.8612,13.2384,23.4612,24.3768,29.4084,19.866,30.2316,37.044,18.732,7.5852,2.4024,39.7572,x,x,x,x,x,41.9244,25.6788,39.1944,23.5116,13.4904
x,40.86,24.95,16.63,19.73,x,x,13.03,x,x,x,x,x,24.63,x,33.52,13.28,x,28.52,27.58,x,0.04,27.85,38.49,36.11,44.02,x,x,46.96,33.88,21.92,x,x,x,x,19.42,x,23.58,41.29,13.62,2.35,x,x,17.12,10.9905,13.396,23.7405,24.667,29.7585,20.1025,x,x,x,x,x,x,x,x,x,x,x,42.4235,25.9845,39.661,23.7915,13.651
6.39,x,24.95,16.63,x,x,46.66,x,21.42,x,0.2,20.57,20.4,24.63,x,x,13.28,46.18,x,27.58,28.2,x,x,38.49,x,x,x,x,x,33.88,21.92,8.44,13.53,2,45.41,19.42,x,x,41.29,x,x,32.54,x,17.12,x,x,x,x,x,x,x,x,x,x,x,x,x,x,x,x,x,x,x,x,x,x
6.39,40.86,x,x,x,x,x,13.03,x,17.05,0.2,20.57,x,x,42.49,33.52,x,46.18,x,x,x,x,x,x,36.11,x,36.85,11.34,46.96,33.88,21.92,8.44,13.53,2,45.41,x,28.69,x,41.29,x,x,32.54,x,x,x,x,x,x,x,x,20.8742,25.578,12.934,5.2374,1.6588,27.4514,14.3782,15.3758,2.8826,27.6138,20.474,x,x,x,x,x
6.39,40.86,x,x,19.73,17.42,46.66,13.03,21.42,17.05,x,20.57,20.4,x,x,x,x,46.18,x,27.58,28.2,0.04,27.85,x,x,x,36.85,x,x,x,21.92,8.44,13.53,x,45.41,19.42,x,x,x,x,x,x,49.07,x,0,0,0,0,0,0,x,x,x,x,x,x,x,x,x,x,x,0,0,0,0,0
x,x,x,16.63,x,x,46.66,13.03,x,17.05,x,20.57,x,24.63,42.49,33.52,x,x,28.52,x,x,x,27.85,x,x,44.02,36.85,11.34,x,33.88,21.92,x,13.53,2,45.41,19.42,28.69,23.58,41.29,13.62,2.35,32.54,x,17.12,5.3013,6.4616,11.4513,11.8982,14.3541,9.6965,14.7559,18.081,9.143,3.7023,1.1726,19.4053,10.1639,10.8691,2.0377,19.5201,14.473,x,x,x,x,x
x,40.86,x,16.63,19.73,17.42,x,x,21.42,x,x,20.57,20.4,x,x,x,13.28,x,28.52,x,x,0.04,x,38.49,x,44.02,x,11.34,46.96,33.88,x,8.44,x,x,x,19.42,28.69,23.58,41.29,x,2.35,x,x,17.12,2.4567,2.9944,5.3067,5.5138,6.6519,4.4935,6.8381,8.379,4.237,1.7157,0.5434,8.9927,x,x,x,x,x,x,x,x,x,x
6.39,x,24.95,16.63,19.73,x,46.66,13.03,x,x,0.2,20.57,20.4,x,x,x,13.28,x,x,x,x,x,27.85,38.49,36.11,44.02,x,x,x,x,21.92,x,x,x,45.41,x,x,23.58,x,x,x,x,x,x,6.8529,8.3528,14.8029,15.3806,18.5553,12.5345,x,x,x,x,x,x,x,x,x,x,x,x,x,x,x,x
x,40.86,x,16.63,x,x,46.66,x,21.42,17.05,0.2,20.57,20.4,x,42.49,x,x,x,x,27.58,x,0.04,27.85,38.49,x,44.02,x,11.34,46.96,x,x,8.44,13.53,2,45.41,19.42,28.69,23.58,x,x,2.35,32.54,x,17.12,9.5682,11.6624,20.6682,21.4748,25.9074,17.501,x,x,x,x,x,x,x,x,x,x,x,x,x,x,x,x
x,x,x,16.63,x,x,x,13.03,21.42,17.05,0.2,x,20.4,x,x,x,13.28,x,28.52,x,28.2,x,x,x,x,x,x,x,46.96,x,21.92,x,x,x,x,x,x,x,x,13.62,2.35,x,49.07,x,x,x,x,x,x,x,21.2341,26.019,13.157,5.3277,1.6874,27.9247,14.6261,15.6409,2.9323,28.0899,20.827,29.4469,18.0363,27.5294,16.5141,9.4754
x,x,x,x,19.73,17.42,x,x,21.42,17.05,x,x,20.4,24.63,42.49,x,13.28,x,28.52,27.58,28.2,x,27.85,x,x,44.02,x,x,x,33.88,21.92,x,x,x,x,19.42,x,x,41.29,x,2.35,x,x,17.12,x,x,x,x,x,x,x,x,x,x,x,x,0.7437,0.7953,0.1491,1.4283,1.059,1.4973,0.9171,1.3998,0.8397,0.4818
6.39,40.86,24.95,x,x,17.42,46.66,13.03,21.42,x,x,20.57,20.4,24.63,x,x,x,x,28.52,x,x,x,x,x,36.11,44.02,x,x,46.96,33.88,21.92,8.44,x,x,x,19.42,28.69,23.58,41.29,x,x,x,49.07,17.12,9.051,11.032,19.551,20.314,24.507,16.555,25.193,30.87,15.61,6.321,2.002,33.131,17.353,18.557,3.479,33.327,24.71,x,x,x,x,x
6.39,40.86,24.95,16.63,19.73,17.42,46.66,13.03,21.42,17.05,x,20.57,20.4,x,42.49,x,13.28,46.18,28.52,27.58,x,x,27.85,38.49,x,44.02,36.85,x,46.96,33.88,21.92,8.44,13.53,2,45.41,19.42,x,23.58,x,13.62,2.35,x,x,17.12,6.2064,7.5648,13.4064,13.9296,16.8048,11.352,17.2752,21.168,10.704,4.3344,1.3728,22.7184,11.8992,12.7248,2.3856,22.8528,16.944,23.9568,14.6736,22.3968,13.4352,7.7088
x,x,x,16.63,19.73,17.42,46.66,x,x,x,x,20.57,20.4,24.63,x,x,x,46.18,28.52,27.58,x,0.04,x,38.49,36.11,x,36.85,x,46.96,33.88,x,x,x,2,x,x,28.69,x,x,x,2.35,x,x,17.12,0.6465,0.788,1.3965,1.451,1.7505,1.1825,x,x,x,x,x,x,x,x,x,x,x,x,x,x,x,x
x,40.86,x,16.63,x,x,46.66,13.03,21.42,x,0.2,x,x,x,42.49,x,x,46.18,x,27.58,28.2,x,x,38.49,36.11,44.02,36.85,11.34,46.96,x,21.92,8.44,13.53,x,45.41,x,28.69,23.58,41.29,13.62,x,x,49.07,x,7.758,9.456,16.758,17.412,21.006,14.19,x,x,x,x,x,x,14.874,15.906,2.982,28.566,21.18,x,x,x,x,x
x,x,24.95,16.63,x,17.42,46.66,x,x,x,0.2,x,20.4,x,42.49,x,13.28,46.18,x,27.58,x,x,27.85,x,x,x,x,11.34,46.96,x,21.92,x,x,x,x,x,x,23.58,41.29,13.62,2.35,32.54,49.07,17.12,x,x,x,x,x,x,34.5504,42.336,21.408,8.6688,2.7456,45.4368,23.7984,25.4496,4.7712,45.7056,33.888,x,x,x,x,x
x,40.86,x,x,19.73,17.42,46.66,13.03,21.42,x,0.2,x,20.4,x,42.49,x,13.28,x,28.52,x,28.2,0.04,x,38.49,36.11,x,36.85,11.34,46.96,33.88,21.92,x,13.53,2,45.41,19.42,x,x,x,13.62,2.35,x,x,x,5.4306,6.6192,11.7306,12.1884,14.7042,9.933,15.1158,18.522,9.366,3.7926,1.2012,19.8786,10.4118,11.1342,2.0874,19.9962,14.826,x,x,x,x,x
6.39,x,x,16.63,19.73,17.42,x,13.03,x,x,x,20.57,20.4,x,42.49,x,x,x,x,27.58,x,x,x,x,36.11,44.02,x,x,46.96,x,21.92,x,13.53,x,x,19.42,x,x,x,x,x,x,x,x,12.93,15.76,27.93,29.02,35.01,23.65,x,x,x,x,x,x,24.79,26.51,4.97,47.61,35.3,x,x,x,x,x
x,x,24.95,16.63,x,17.42,46.66,13.03,21.42,17.05,0.2,x,x,x,42.49,x,13.28,46.18,x,27.58,28.2,x,27.85,38.49,36.11,44.02,36.85,x,x,33.88,21.92,x,13.53,2,45.41,x,x,23.58,x,x,x,x,49.07,x,1.293,1.576,2.793,2.902,3.501,2.365,3.599,4.41,2.23,0.903,0.286,4.733,2.479,2.651,0.497,4.761,3.53,4.991,3.057,4.666,2.799,1.606
6.39,x,24.95,16.63,19.73,17.42,46.66,x,x,17.05,x,20.57,x,24.63,42.49,x,x,46.18,x,x,28.2,0.04,x,x,36.11,x,36.85,11.34,46.96,33.88,21.92,x,13.53,x,x,x,x,23.58,41.29,13.62,x,32.54,x,x,5.4306,6.6192,11.7306,12.1884,14.7042,9.933,15.1158,18.522,9.366,3.7926,1.2012,19.8786,x,x,x,x,x,20.9622,12.8394,19.5972,11.7558,6.7452
x,x,24.95,16.63,19.73,x,46.66,13.03,21.42,x,0.2,x,20.4,24.63,42.49,33.52,x,x,28.52,27.58,28.2,0.04,x,38.49,x,x,x,11.34,x,33.88,21.92,8.44,13.53,x,45.41,19.42,28.69,x,41.29,13.62,x,x,x,17.12,2.3274,2.8368,5.0274,5.2236,6.3018,4.257,6.4782,7.938,4.014,1.6254,0.5148,8.5194,4.4622,4.7718,0.8946,8.5698,6.354,8.9838,5.5026,8.3988,5.0382,2.8908
x,40.86,x,16.63,19.73,17.42,46.66,13.03,x,17.05,x,x,20.4,24.63,x,x,x,x,x,x,28.2,0.04,27.85,x,36.11,44.02,x,11.34,x,x,x,8.44,13.53,2,45.41,x,x,x,41.29,13.62,2.35,32.54,49.07,x,0.1293,0.1576,0.2793,0.2902,0.3501,0.2365,0.3599,0.441,0.223,0.0903,0.0286,0.4733,x,x,x,x,x,0.4991,0.3057,0.4666,0.2799,0.1606
6.39,x,24.95,16.63,19.73,x,46.66,x,21.42,x,0.2,x,x,24.63,42.49,33.52,x,46.18,28.52,x,x,0.04,27.85,38.49,36.11,44.02,x,11.34,x,x,x,x,x,2,45.41,19.42,28.69,23.58,41.29,13.62,2.35,32.54,49.07,17.12,x,x,x,x,x,x,21.2341,26.019,13.157,5.3277,1.6874,27.9247,14.6261,15.6409,2.9323,28.0899,20.827,x,x,x,x,x
6.39,40.86,24.95,x,19.73,17.42,x,x,x,x,x,x,x,x,42.49,33.52,x,46.18,x,27.58,28.2,x,x,x,36.11,x,x,x,x,33.88,x,8.44,x,2,45.41,x,x,x,41.29,13.62,2.35,x,x,17.12,2.9739,3.6248,6.4239,6.6746,8.0523,5.4395,8.2777,10.143,5.129,2.0769,0.6578,10.8859,x,x,x,x,x,x,x,x,x,x
x,40.86,24.95,16.63,19.73,x,46.66,x,x,17.05,x,x,20.4,x,x,33.52,13.28,x,x,27.58,x,0.04,x,x,x,44.02,36.85,x,46.96,33.88,21.92,x,13.53,x,x,x,28.69,x,41.29,x,x,32.54,x,17.12,x,x,x,x,x,x,22.3138,27.342,13.826,5.5986,1.7732,29.3446,x,x,x,x,x,30.9442,18.9534,28.9292,17.3538,9.9572
6.39,40.86,24.95,x,19.73,x,x,x,21.42,17.05,0.2,x,20.4,24.63,42.49,x,13.28,x,28.52,27.58,28.2,x,27.85,x,x,x,36.85,x,46.96,33.88,21.92,x,x,x,x,19.42,x,x,x,x,x,32.54,x,17.12,x,x,x,x,x,x,30.2316,37.044,18.732,7.5852,2.4024,39.7572,x,x,x,x,x,41.9244,25.6788,39.1944,23.5116,13.4904
6.39,x,x,x,19.73,x,x,x,x,x,0.2,20.57,20.4,24.63,x,x,13.28,x,x,27.58,28.2,x,x,38.49,36.11,44.02,x,x,x,x,x,8.44,13.53,x,x,19.42,28.69,x,41.29,x,2.35,x,x,17.12,6.0771,7.4072,13.1271,13.6394,16.4547,11.1155,16.9153,20.727,10.481,4.2441,1.3442,22.2451,11.6513,12.4597,2.3359,22.3767,16.591,23.4577,14.3679,21.9302,13.1553,7.5482
6.39,x,24.95,16.63,19.73,17.42,46.66,13.03,x,x,x,20.57,20.4,24.63,x,33.52,x,46.18,x,x,28.2,0.04,27.85,x,x,44.02,x,11.34,46.96,x,x,8.44,13.53,2,x,19.42,28.69,23.58,41.29,x,2.35,x,49.07,17.12,5.8185,7.092,12.5685,13.059,15.7545,10.6425,16.1955,19.845,10.035,4.0635,1.287,21.2985,11.1555,11.9295,2.2365,21.4245,15.885,x,x,x,x,x
x,x,24.95,16.63,19.73,17.42,x,x,21.42,x,0.2,20.57,20.4,x,x,33.52,13.28,46.18,x,x,28.2,0.04,x,38.49,x,x,36.85,11.34,46.96,x,21.92,8.44,x,x,x,19.42,x,x,x,x,2.35,x,x,17.12,x,x,x,x,x,x,0.7198,0.882,0.446,0.1806,0.0572,0.9466,x,x,x,x,x,0.9982,0.6114,0.9332,0.5598,0.3212
x,40.86,x,x,19.73,x,x,x,x,17.05,x,x,20.4,24.63,x,x,13.28,x,x,27.58,x,0.04,27.85,x,36.11,x,36.85,11.34,46.96,33.88,x,8.44,x,x,x,19.42,28.69,23.58,41.29,13.62,x,x,49.07,17.12,x,x,x,x,x,x,14.0361,17.199,8.697,3.5217,1.1154,18.4587,9.6681,10.3389,1.9383,18.5679,13.767,19.4649,11.9223,18.1974,10.9161,6.2634
6.39,40.86,x,x,19.73,17.42,46.66,13.03,x,17.05,x,20.57,20.4,24.63,x,33.52,13.28,x,x,27.58,x,0.04,x,38.49,36.11,x,36.85,11.34,46.96,33.88,x,x,13.53,2,45.41,x,x,23.58,x,13.62,2.35,32.54,x,x,2.4567,2.9944,5.3067,5.5138,6.6519,4.4935,6.8381,8.379,4.237,1.7157,0.5434,8.9927,4.7101,5.0369,0.9443,9.0459,6.707,x,x,x,x,x
x,x,24.95,16.63,19.73,17.42,46.66,x,x,17.05,0.2,x,x,x,42.49,33.52,x,46.18,28.52,x,x,x,27.85,38.49,x,x,36.85,x,x,33.88,x,8.44,x,2,45.41,x,x,23.58,41.29,x,x,x,49.07,17.12,x,x,x,x,x,x,12.2366,14.994,7.582,3.0702,0.9724,16.0922,x,x,x,x,x,16.9694,10.3938,15.8644,9.5166,5.4604
x,x,x,x,19.73,x,x,x,21.42,17.05,x,x,20.4,24.63,42.49,33.52,13.28,x,x,x,28.2,x,x,x,36.11,x,36.85,x,46.96,x,x,8.44,x,2,45.41,19.42,x,23.58,41.29,13.62,x,32.54,49.07,x,8.1459,9.9288,17.5959,18.2826,22.0563,14.8995,22.6737,27.783,14.049,5.6889,1.8018,29.8179,15.6177,16.7013,3.1311,29.9943,22.239,x,x,x,x,x
x,40.86,x,16.63,19.73,17.42,x,x,x,17.05,x,x,20.4,x,42.49,x,13.28,46.18,x,27.58,28.2,0.04,x,38.49,x,x,x,x,46.96,x,x,8.44,13.53,2,x,x,28.69,23.58,41.29,13.62,2.35,32.54,x,x,6.8529,8.3528,14.8029,15.3806,18.5553,12.5345,x,x,x,x,x,x,x,x,x,x,x,x,x,x,x,x
6.39,40.86,24.95,16.63,x,x,x,x,x,17.05,x,20.57,20.4,x,42.49,x,13.28,x,28.52,x,28.2,0.04,x,38.49,x,x,x,11.34,x,x,x,x,13.53,x,x,x,28.69,23.58,x,13.62,x,32.54,x,17.12,8.1459,9.9288,17.5959,18.2826,22.0563,14.8995,22.6737,27.783,14.049,5.6889,1.8018,29.8179,x,x,x,x,x,31.4433,19.2591,29.3958,17.6337,10.1178
6.39,x,x,16.63,19.73,x,46.66,x,21.42,17.05,x,20.57,20.4,24.63,x,x,x,46.18,28.52,x,x,0.04,27.85,38.49,36.11,44.02,x,x,46.96,33.88,x,8.44,x,2,45.41,19.42,28.69,23.58,x,x,x,x,x,x,x,x,x,x,x,x,x,x,x,x,x,x,x,x,x,x,x,x,x,x,x,x
6.39,40.86,24.95,x,x,x,x,13.03,21.42,17.05,x,x,x,x,x,33.52,13.28,x,28.52,27.58,28.2,x,x,38.49,x,x,36.85,11.34,46.96,x,x,8.44,13.53,x,45.41,x,28.69,x,x,13.62,x,x,49.07,17.12,2.3274,2.8368,5.0274,5.2236,6.3018,4.257,x,x,x,x,x,x,4.4622,4.7718,0.8946,8.5698,6.354,8.9838,5.5026,8.3988,5.0382,2.8908
6.39,x,24.95,16.63,x,17.42,x,x,x,x,0.2,20.57,x,24.63,x,33.52,13.28,x,28.52,27.58,28.2,x,27.85,38.49,36.11,x,36.85,x,46.96,x,x,8.44,13.53,2,x,x,x,23.58,x,x,x,32.54,49.07,x,x,x,x,x,x,x,x,x,x,x,x,x,x,x,x,x,x,20.9622,12.8394,19.5972,11.7558,6.7452
x,40.86,24.95,x,x,x,46.66,13.03,x,x,x,20.57,20.4,24.63,42.49,33.52,x,x,x,27.58,28.2,x,x,x,36.11,x,x,11.34,x,33.88,x,8.44,x,x,45.41,19.42,28.69,23.58,41.29,x,x,x,49.07,x,x,x,x,x,x,x,17.995,22.05,11.15,4.515,1.43,23.665,x,x,x,x,x,24.955,15.285,23.33,13.995,8.03
6.39,40.86,24.95,x,19.73,x,x,13.03,x,17.05,0.2,x,20.4,24.63,x,x,x,x,x,27.58,x,x,27.85,x,x,44.02,36.85,11.34,46.96,33.88,21.92,8.44,x,x,45.41,x,x,x,x,x,x,x,49.07,17.12,x,x,x,x,x,x,x,x,x,x,x,x,16.8572,18.0268,3.3796,32.3748,24.004,33.9388,20.7876,31.7288,19.0332,10.9208
x,x,x,x,x,17.42,x,x,21.42,x,x,20.57,x,24.63,42.49,x,x,x,x,27.58,28.2,x,27.85,38.49,36.11,x,36.85,11.34,x,x,x,8.44,13.53,2,45.41,x,x,23.58,41.29,13.62,2.35,x,x,x,2.3274,2.8368,5.0274,5.2236,6.3018,4.257,6.4782,7.938,4.014,1.6254,0.5148,8.5194,x,x,x,x,x,8.9838,5.5026,8.3988,5.0382,2.8908
6.39,x,x,16.63,19.73,x,x,13.03,x,17.05,x,20.57,x,24.63,x,33.52,x,x,28.52,x,28.2,0.04,27.85,x,36.11,44.02,x,11.34,46.96,33.88,21.92,8.44,x,2,45.41,x,28.69,x,x,x,2.35,x,x,x,10.7319,13.0808,23.1819,24.0866,29.0583,19.6295,x,x,x,x,x,x,x,x,x,x,x,41.4253,25.3731,38.7278,23.2317,13.3298
6.39,40.86,24.95,16.63,x,x,x,13.03,21.42,x,x,x,20.4,24.63,x,x,x,46.18,x,27.58,x,0.04,x,38.49,36.11,x,36.85,x,46.96,x,21.92,x,13.53,x,x,19.42,x,x,41.29,13.62,x,32.54,x,x,x,x,x,x,x,x,19.0747,23.373,11.819,4.7859,1.5158,25.0849,x,x,x,x,x,26.4523,16.2021,24.7298,14.8347,8.5118
x,40.86,24.95,x,19.73,x,46.66,x,21.42,17.05,x,x,x,24.63,42.49,33.52,x,46.18,28.52,x,x,0.04,x,38.49,36.11,x,36.85,x,46.96,33.88,x,8.44,13.53,x,45.41,x,x,23.58,41.29,x,2.35,32.54,49.07,17.12,8.0166,9.7712,17.3166,17.9924,21.7062,14.663,22.3138,27.342,13.826,5.5986,1.7732,29.3446,15.3698,16.4362,3.0814,29.5182,21.886,x,x,x,x,x
6.39,x,x,16.63,19.73,17.42,46.66,x,x,17.05,x,x,x,x,42.49,x,x,x,x,x,28.2,0.04,27.85,38.49,x,44.02,36.85,x,46.96,33.88,21.92,8.44,13.53,x,45.41,19.42,28.69,23.58,x,x,x,x,49.07,x,x,x,x,x,x,x,x,x,x,x,x,x,x,x,x,x,x,x,x,x,x,x
6.39,x,24.95,x,x,x,x,x,21.42,x,x,x,x,x,x,x,x,x,x,x,28.2,x,27.85,38.49,36.11,44.02,x,x,46.96,33.88,x,x,x,x,x,x,28.69,23.58,x,13.62,x,x,x,17.12,3.879,4.728,8.379,8.706,10.503,7.095,x,x,x,x,x,x,7.437,7.953,1.491,14.283,10.59,x,x,x,x,x
x,40.86,24.95,16.63,x,17.42,46.66,x,x,17.05,x,x,20.4,x,x,33.52,13.28,46.18,x,x,28.2,x,27.85,38.49,36.11,x,x,x,46.96,33.88,x,8.44,x,2,x,19.42,28.69,23.58,x,x,2.35,32.54,x,17.12,x,x,x,x,x,x,x,x,x,x,x,x,10.9076,11.6644,2.1868,20.9484,15.532,x,x,x,x,x
6.39,40.86,24.95,x,x,17.42,x,x,x,17.05,x,20.57,20.4,x,42.49,x,13.28,x,x,27.58,x,0.04,27.85,38.49,x,44.02,x,11.34,x,33.88,21.92,x,x,2,x,19.42,x,23.58,x,x,x,x,x,x,11.3784,13.8688,24.5784,25.5376,30.8088,20.812,31.6712,38.808,19.624,7.9464,2.5168,41.6504,x,x,x,x,x,43.9208,26.9016,41.0608,24.6312,14.1328
x,40.86,x,16.63,19.73,x,46.66,x,21.42,17.05,0.2,x,20.4,24.63,x,33.52,13.28,46.18,x,27.58,28.2,0.04,27.85,38.49,x,44.02,x,11.34,46.96,x,21.92,8.44,x,x,45.41,19.42,28.69,23.58,x,x,x,x,49.07,17.12,x,x,x,x,x,x,26.2727,32.193,16.279,6.5919,2.0878,34.5509,18.0967,19.3523,3.6281,34.7553,25.769,36.4343,22.3161,34.0618,20.4327,11.7238
6.39,x,x,x,19.73,17.42,x,x,x,x,x,x,x,24.63,42.49,x,x,46.18,28.52,27.58,x,0.04,x,x,x,x,36.85,x,x,x,21.92,8.44,13.53,2,45.41,x,28.69,x,x,x,2.35,x,x,x,x,x,x,x,x,x,8.6376,10.584,5.352,2.1672,0.6864,11.3592,x,x,x,x,x,11.9784,7.3368,11.1984,6.7176,3.8544
x,x,24.95,x,19.73,x,x,x,x,x,0.2,20.57,x,24.63,42.49,x,x,46.18,28.52,x,28.2,0.04,x,x,36.11,44.02,x,11.34,x,33.88,21.92,x,13.53,x,x,x,x,23.58,41.29,x,x,32.54,49.07,x,2.586,3.152,5.586,5.804,7.002,4.73,7.198,8.82,4.46,1.806,0.572,9.466,x,x,x,x,x,9.982,6.114,9.332,5.598,3.212
6.39,40.86,x,16.63,19.73,x,x,x,21.42,x,x,20.57,20.4,24.63,42.49,x,13.28,x,28.52,27.58,x,0.04,x,x,x,44.02,36.85,x,x,33.88,21.92,8.44,13.53,x,x,19.42,28.69,23.58,x,x,x,32.54,x,17.12,x,x,x,x,x,x,x,x,x,x,x,x,x,x,x,x,x,x,x,x,x,x
6.39,40.86,24.95,x,x,x,x,x,x,x,x,x,x,x,42.49,33.52,x,46.18,28.52,27.58,28.2,0.04,27.85,x,x,44.02,36.85,x,46.96,33.88,x,8.44,13.53,2,x,19.42,x,x,41.29,13.62,x,32.54,49.07,x,x,x,x,x,x,x,x,x,x,x,x,x,x,x,x,x,x,26.9514,16.5078,25.1964,15.1146,8.6724
6.39,40.86,x,x,x,x,x,x,21.42,17.05,x,20.57,20.4,24.63,x,x,13.28,46.18,28.52,x,28.2,x,x,x,x,44.02,x,x,46.96,33.88,21.92,x,x,x,45.41,x,28.69,x,x,13.62,2.35,x,49.07,17.12,x,x,x,x,x,x,x,x,x,x,x,x,x,x,x,x,x,40.4271,24.7617,37.7946,22.6719,13.0086
x,40.86,24.95,x,x,x,46.66,x,21.42,x,0.2,x,x,24.63,x,x,x,46.18,x,x,28.2,0.04,x,38.49,x,44.02,36.85,11.34,x,33.88,21.92,x,x,2,45.41,19.42,x,23.58,x,x,2.35,32.54,x,x,x,x,x,x,x,x,x,x,x,x,x,x,x,x,x,x,x,38.4307,23.5389,35.9282,21.5523,12.3662
x,40.86,x,x,x,x,46.66,13.03,x,17.05,0.2,x,20.4,24.63,x,x,x,x,x,x,x,0.04,x,38.49,36.11,x,36.85,x,x,33.88,x,x,x,x,45.41,19.42,x,23.58,x,x,x,x,49.07,17.12,11.5077,14.0264,24.8577,25.8278,31.1589,21.0485,x,x,x,x,x,x,22.0631,23.5939,4.4233,42.3729,31.417,44.4199,27.2073,41.5274,24.9111,14.2934
x,40.86,x,16.63,x,17.42,46.66,13.03,x,x,x,20.57,x,24.63,x,x,x,x,x,27.58,x,0.04,27.85,38.49,36.11,x,36.85,11.34,46.96,33.88,21.92,8.44,x,x,45.41,19.42,x,23.58,41.29,13.62,2.35,32.54,49.07,x,x,x,x,x,x,x,x,x,x,x,x,x,12.8908,13.7852,2.5844,24.7572,18.356,x,x,x,x,x
6.39,40.86,x,x,x,17.42,46.66,13.03,21.42,x,x,20.57,20.4,x,x,33.52,x,x,x,27.58,x,x,x,x,36.11,x,x,x,x,x,21.92,8.44,13.53,2,x,19.42,28.69,23.58,x,x,2.35,x,49.07,17.12,x,x,x,x,x,x,15.8356,19.404,9.812,3.9732,1.2584,20.8252,x,x,x,x,x,x,x,x,x,x
6.39,40.86,24.95,x,19.73,x,x,x,x,x,0.2,x,x,x,x,x,x,x,28.52,x,28.2,x,x,x,36.11,44.02,36.85,x,46.96,x,21.92,8.44,x,x,x,x,x,23.58,41.29,13.62,2.35,x,49.07,x,4.0083,4.8856,8.6583,8.9962,10.8531,7.3315,x,x,x,x,x,x,x,x,x,x,x,15.4721,9.4767,14.4646,8.6769,4.9786
6.39,x,x,16.63,x,x,x,x,21.42,x,0.2,x,20.4,24.63,42.49,x,13.28,x,28.52,x,28.2,0.04,x,x,x,x,36.85,11.34,x,x,21.92,x,13.53,2,45.41,19.42,28.69,x,41.29,x,2.35,x,49.07,17.12,11.7663,14.3416,25.4163,26.4082,31.8591,21.5215,x,x,x,x,x,x,22.5589,24.1241,4.5227,43.3251,32.123,45.4181,27.8187,42.4606,25.4709,14.6146
x,40.86,24.95,16.63,x,17.42,x,13.03,x,x,x,x,20.4,24.63,42.49,33.52,x,46.18,28.52,x,x,x,27.85,x,36.11,44.02,x,x,46.96,33.88,21.92,x,x,x,45.41,19.42,28.69,23.58,41.29,13.62,2.35,32.54,49.07,x,x,x,x,x,x,x,x,x,x,x,x,x,0.9916,1.0604,0.1988,1.9044,1.412,x,x,x,x,x
6.39,40.86,x,x,x,17.42,46.66,13.03,x,17.05,x,x,x,x,42.49,33.52,x,x,28.52,x,28.2,x,27.85,38.49,36.11,x,36.85,x,46.96,x,x,8.44,x,x,x,19.42,x,x,41.29,x,2.35,x,x,17.12,1.293,1.576,2.793,2.902,3.501,2.365,x,x,x,x,x,x,x,x,x,x,x,4.991,3.057,4.666,2.799,1.606
x,40.86,24.95,16.63,x,x,x,13.03,x,17.05,0.2,20.57,x,24.63,42.49,x,13.28,x,x,x,28.2,0.04,x,x,x,44.02,36.85,11.34,46.96,x,x,x,x,x,x,19.42,x,23.58,x,x,2.35,32.54,x,x,x,x,x,x,x,x,x,x,x,x,x,x,1.2395,1.3255,0.2485,2.3805,1.765,x,x,x,x,x
x,40.86,24.95,x,x,17.42,46.66,13.03,x,x,x,x,20.4,x,x,x,x,46.18,28.52,27.58,28.2,x,27.85,x,36.11,44.02,x,11.34,46.96,x,x,8.44,x,x,x,x,28.69,23.58,41.29,x,2.35,x,x,x,x,x,x,x,x,x,x,x,x,x,x,x,5.9496,6.3624,1.1928,11.4264,8.472,x,x,x,x,x
6.39,40.86,x,x,x,17.42,x,13.03,x,17.05,x,x,20.4,x,42.49,x,13.28,46.18,28.52,27.58,x,x,x,x,36.11,44.02,36.85,x,x,x,x,8.44,x,2,x,x,x,23.58,x,13.62,x,x,x,17.12,x,x,x,x,x,x,x,x,x,x,x,x,x,x,x,x,x,43.4217,26.5959,40.5942,24.3513,13.9722
x,x,24.95,x,x,x,46.66,13.03,21.42,17.05,x,20.57,x,24.63,x,33.52,x,x,x,27.58,28.2,0.04,27.85,38.49,36.11,44.02,x,11.34,46.96,33.88,x,8.44,13.53,2,45.41,19.42,28.69,23.58,x,13.62,x,32.54,x,17.12,10.4733,12.7656,22.6233,23.5062,28.3581,19.1565,x,x,x,x,x,x,x,x,x,x,x,40.4271,24.7617,37.7946,22.6719,13.0086
6.39,40.86,24.95,16.63,x,x,46.66,13.03,21.42,17.05,0.2,20.57,20.4,24.63,42.49,33.52,x,46.18,x,x,x,0.04,27.85,x,x,x,x,x,46.96,x,x,x,x,x,45.41,19.42,28.69,x,41.29,x,2.35,x,x,x,0.6465,0.788,1.3965,1.451,1.7505,1.1825,1.7995,2.205,1.115,0.4515,0.143,2.3665,x,x,x,x,x,x,x,x,x,x
x,40.86,24.95,16.63,19.73,x,x,13.03,x,17.05,0.2,x,20.4,x,x,33.52,x,46.18,x,x,28.2,0.04,x,38.49,x,x,36.85,11.34,x,x,21.92,8.44,13.53,2,x,19.42,28.69,23.58,41.29,13.62,x,32.54,x,17.12,x,x,x,x,x,x,x,x,x,x,x,x,x,x,x,x,x,x,x,x,x,x
6.39,x,x,x,x,x,x,x,21.42,x,0.2,20.57,x,x,42.49,x,x,x,28.52,27.58,x,0.04,27.85,38.49,36.11,x,36.85,11.34,46.96,33.88,21.92,x,x,2,45.41,x,x,23.58,x,13.62,2.35,32.54,x,17.12,11.5077,14.0264,24.8577,25.8278,31.1589,21.0485,x,x,x,x,x,x,22.0631,23.5939,4.4233,42.3729,31.417,x,x,x,x,x
x,x,x,16.63,x,17.42,x,x,x,x,x,x,x,x,x,33.52,13.28,46.18,x,x,28.2,x,x,38.49,36.11,x,36.85,11.34,46.96,x,x,x,13.53,x,45.41,x,x,23.58,41.29,x,2.35,x,49.07,17.12,x,x,x,x,x,x,x,x,x,x,x,x,4.958,5.302,0.994,9.522,7.06,x,x,x,x,x
x,x,24.95,x,x,17.42,x,13.03,x,17.05,x,20.57,x,x,42.49,33.52,13.28,46.18,x,x,28.2,0.04,27.85,38.49,x,44.02,x,x,x,33.88,21.92,x,x,x,45.41,x,28.69,23.58,41.29,x,2.35,x,49.07,17.12,x,x,x,x,x,x,34.9103,42.777,21.631,8.7591,2.7742,45.9101,24.0463,25.7147,4.8209,46.1817,34.241,x,x,x,x,x
x,40.86,24.95,x,19.73,17.42,x,13.03,21.42,17.05,x,x,20.4,x,42.49,33.52,x,46.18,28.52,x,28.2,x,x,x,x,44.02,x,11.34,x,33.88,x,x,13.53,2,x,x,x,23.58,41.29,x,x,x,x,17.12,10.7319,13.0808,23.1819,24.0866,29.0583,19.6295,29.8717,36.603,18.509,7.4949,2.3738,39.2839,20.5757,22.0033,4.1251,39.5163,29.299,41.4253,25.3731,38.7278,23.2317,13.3298
6.39,40.86,24.95,16.63,19.73,17.42,46.66,13.03,x,17.05,x,x,20.4,24.63,42.49,x,13.28,46.18,28.52,27.58,x,x,27.85,x,36.11,x,36.85,11.34,46.96,x,21.92,x,13.53,x,x,19.42,x,x,x,13.62,x,32.54,49.07,17.12,x,x,x,x,x,x,x,x,x,x,x,x,x,x,x,x,x,33.4397,20.4819,31.2622,18.7533,10.7602
x,40.86,x,x,x,x,x,x,21.42,17.05,x,x,x,24.63,42.49,33.52,x,x,28.52,27.58,x,0.04,27.85,38.49,36.11,44.02,36.85,11.34,46.96,33.88,21.92,8.44,x,x,x,x,28.69,23.58,41.29,x,x,x,49.07,17.12,x,x,x,x,x,x,35.99,44.1,22.3,9.03,2.86,47.33,24.79,26.51,4.97,47.61,35.3,49.91,30.57,46.66,27.99,16.06
x,40.86,x,x,19.73,17.42,46.66,x,x,x,0.2,x,20.4,24.63,x,x,13.28,x,28.52,27.58,28.2,0.04,27.85,38.49,36.11,x,x,x,46.96,33.88,21.92,8.44,x,x,45.41,19.42,28.69,23.58,41.29,13.62,2.35,x,x,x,5.0427,6.1464,10.8927,11.3178,13.6539,9.2235,x,x,x,x,x,x,9.6681,10.3389,1.9383,18.5679,13.767,19.4649,11.9223,18.1974,10.9161,6.2634
x,40.86,x,16.63,x,17.42,46.66,x,21.42,x,0.2,20.57,x,24.63,x,x,x,46.18,28.52,x,28.2,x,27.85,38.49,x,44.02,x,x,x,x,21.92,x,13.53,x,45.41,x,28.69,23.58,41.29,x,x,x,49.07,x,x,x,x,x,x,x,12.5965,15.435,7.805,3.1605,1.001,16.5655,x,x,x,x,x,17.4685,10.6995,16.331,9.7965,5.621
x,40.86,x,x,19.73,x,x,13.03,21.42,x,0.2,20.57,20.4,24.63,42.49,33.52,x,46.18,x,27.58,28.2,0.04,x,x,x,44.02,x,x,x,33.88,21.92,x,x,2,45.41,x,28.69,x,41.29,x,2.35,32.54,49.07,x,3.6204,4.4128,7.8204,8.1256,9.8028,6.622,x,x,x,x,x,x,x,x,x,x,x,x,x,x,x,x
6.39,x,24.95,16.63,x,x,x,x,x,x,0.2,x,20.4,x,x,x,x,x,x,27.58,28.2,0.04,x,38.49,x,44.02,36.85,11.34,46.96,33.88,x,8.44,x,2,45.41,x,x,x,41.29,x,2.35,x,49.07,x,8.4045,10.244,18.1545,18.863,22.7565,15.3725,23.3935,28.665,14.495,5.8695,1.859,30.7645,x,x,x,x,x,32.4415,19.8705,30.329,18.1935,10.439
6.39,40.86,x,16.63,19.73,x,x,x,21.42,x,x,20.57,20.4,24.63,x,x,x,46.18,28.52,27.58,x,0.04,27.85,x,36.11,44.02,x,x,x,33.88,x,x,x,x,45.41,19.42,28.69,x,x,x,x,32.54,x,17.12,10.0854,12.2928,21.7854,22.6356,27.3078,18.447,28.0722,34.398,17.394,7.0434,2.2308,36.9174,19.3362,20.6778,3.8766,37.1358,27.534,x,x,x,x,x
6.39,x,24.95,16.63,19.73,17.42,46.66,13.03,x,17.05,0.2,20.57,20.4,x,42.49,33.52,13.28,x,28.52,27.58,x,x,27.85,38.49,x,44.02,36.85,11.34,x,x,x,8.44,13.53,2,45.41,x,x,23.58,41.29,13.62,2.35,32.54,x,x,6.0771,7.4072,13.1271,13.6394,16.4547,11.1155,16.9153,20.727,10.481,4.2441,1.3442,22.2451,x,x,x,x,x,x,x,x,x,x
x,x,x,16.63,19.73,x,46.66,x,x,x,0.2,20.57,x,x,42.49,33.52,x,x,28.52,27.58,x,0.04,x,x,x,44.02,36.85,x,46.96,x,x,8.44,13.53,x,x,19.42,28.69,23.58,41.29,13.62,x,x,49.07,17.12,x,x,x,x,x,x,x,x,x,x,x,x,20.8236,22.2684,4.1748,39.9924,29.652,x,x,x,x,x
x,x,x,x,x,17.42,46.66,13.03,21.42,17.05,0.2,x,x,x,42.49,x,13.28,46.18,x,x,x,0.04,27.85,38.49,x,44.02,36.85,11.34,x,x,21.92,8.44,x,x,x,x,x,x,x,x,2.35,32.54,x,x,x,x,x,x,x,x,x,x,x,x,x,x,22.5589,24.1241,4.5227,43.3251,32.123,45.4181,27.8187,42.4606,25.4709,14.6146
6.39,x,24.95,x,x,17.42,46.66,x,21.42,x,0.2,x,20.4,24.63,42.49,x,x,46.18,28.52,27.58,28.2,0.04,x,38.49,36.11,x,x,x,x,33.88,x,x,x,2,x,x,28.69,x,x,x,2.35,32.54,x,x,x,x,x,x,x,x,24.4732,29.988,15.164,6.1404,1.9448,32.1844,x,x,x,x,x,x,x,x,x,x
x,x,x,x,19.73,x,46.66,x,21.42,17.05,0.2,x,x,x,x,33.52,13.28,46.18,28.52,27.58,28.2,0.04,27.85,38.49,x,44.02,36.85,11.34,x,x,21.92,x,13.53,2,x,x,x,x,41.29,13.62,2.35,x,x,17.12,1.8102,2.2064,3.9102,4.0628,4.9014,3.311,x,x,x,x,x,x,3.4706,3.7114,0.6958,6.6654,4.942,x,x,x,x,x
6.39,x,24.95,16.63,x,17.42,x,x,x,17.05,0.2,20.57,20.4,x,42.49,x,13.28,x,28.52,x,x,0.04,27.85,38.49,x,44.02,36.85,11.34,x,33.88,x,8.44,13.53,2,45.41,x,28.69,23.58,x,x,x,32.54,x,17.12,10.9905,13.396,23.7405,24.667,29.7585,20.1025,x,x,x,x,x,x,21.0715,22.5335,4.2245,40.4685,30.005,x,x,x,x,x
6.39,40.86,x,16.63,x,17.42,x,x,21.42,x,x,20.57,x,x,x,x,13.28,46.18,x,x,28.2,x,27.85,38.49,36.11,x,36.85,x,x,x,x,8.44,13.53,x,x,x,x,x,x,13.62,2.35,x,x,17.12,x,x,x,x,x,x,x,x,x,x,x,x,x,x,x,x,x,x,x,x,x,x
6.39,40.86,24.95,x,x,x,x,x,x,x,x,x,x,x,x,x,x,46.18,28.52,x,x,0.04,27.85,38.49,36.11,44.02,x,x,46.96,33.88,21.92,8.44,13.53,x,x,19.42,28.69,23.58,41.29,13.62,2.35,32.54,x,x,4.1376,5.0432,8.9376,9.2864,11.2032,7.568,11.5168,14.112,7.136,2.8896,0.9152,15.1456,7.9328,8.4832,1.5904,15.2352,11.296,15.9712,9.7824,14.9312,8.9568,5.1392
x,40.86,24.95,16.63,19.73,17.42,46.66,x,21.42,x,0.2,x,x,24.63,42.49,x,13.28,x,28.52,x,28.2,0.04,x,x,36.11,44.02,36.85,11.34,46.96,x,21.92,8.44,x,x,x,19.42,28.69,23.58,x,x,x,x,x,x,7.4994,9.1408,16.1994,16.8316,20.3058,13.717,x,x,x,x,x,x,x,x,x,x,x,28.9478,17.7306,27.0628,16.2342,9.3148
6.39,x,x,16.63,x,x,x,13.03,21.42,x,0.2,20.57,x,24.63,42.49,33.52,13.28,x,28.52,27.58,28.2,0.04,x,38.49,x,x,x,x,x,33.88,x,8.44,13.53,x,x,19.42,28.69,23.58,41.29,x,x,x,x,x,12.5421,15.2872,27.0921,28.1494,33.9597,22.9405,34.9103,42.777,21.631,8.7591,2.7742,45.9101,x,x,x,x,x,x,x,x,x,x
6.39,x,x,16.63,19.73,x,x,x,x,x,0.2,x,x,x,x,33.52,x,x,28.52,x,x,x,x,38.49,36.11,44.02,36.85,11.34,46.96,33.88,x,x,x,2,x,x,28.69,23.58,x,13.62,x,x,x,17.12,11.7663,14.3416,25.4163,26.4082,31.8591,21.5215,x,x,x,x,x,x,x,x,x,x,x,45.4181,27.8187,42.4606,25.4709,14.6146
x,40.86,24.95,16.63,x,x,x,x,21.42,x,x,20.57,x,24.63,42.49,x,13.28,x,28.52,27.58,28.2,0.04,27.85,38.49,x,44.02,x,x,x,x,x,8.44,13.53,2,45.41,19.42,x,23.58,41.29,x,x,32.54,49.07,17.12,12.5421,15.2872,27.0921,28.1494,33.9597,22.9405,x,x,x,x,x,x,24.0463,25.7147,4.8209,46.1817,34.241,x,x,x,x,x
x,x,x,16.63,x,17.42,x,x,x,17.05,0.2,x,20.4,x,42.49,33.52,13.28,x,x,27.58,x,0.04,27.85,x,x,44.02,36.85,11.34,x,x,21.92,8.44,x,x,45.41,19.42,28.69,x,41.29,13.62,2.35,x,x,17.12,x,x,x,x,x,x,x,x,x,x,x,x,x,x,x,x,x,x,x,x,x,x
x,40.86,x,x,x,x,x,x,21.42,x,0.2,20.57,x,x,42.49,33.52,x,46.18,x,x,28.2,0.04,27.85,38.49,x,x,36.85,11.34,46.96,33.88,x,8.44,13.53,2,x,x,28.69,x,41.29,x,2.35,32.54,x,17.12,x,x,x,x,x,x,x,x,x,x,x,x,22.5589,24.1241,4.5227,43.3251,32.123,x,x,x,x,x
x,x,x,x,x,17.42,x,13.03,x,x,0.2,20.57,x,x,x,x,x,46.18,28.52,x,x,0.04,27.85,38.49,x,x,x,11.34,46.96,x,21.92,8.44,x,x,x,x,28.69,23.58,41.29,13.62,x,32.54,49.07,x,x,x,x,x,x,x,32.7509,40.131,20.293,8.2173,2.6026,43.0703,22.5589,24.1241,4.5227,43.3251,32.123,45.4181,27.8187,42.4606,25.4709,14.6146
x,x,x,x,19.73,17.42,x,13.03,21.42,x,x,x,x,24.63,42.49,33.52,13.28,x,28.52,27.58,x,0.04,27.85,38.49,x,44.02,x,11.34,x,x,x,8.44,13.53,2,45.41,19.42,28.69,23.58,x,x,x,32.54,x,x,x,x,x,x,x,x,25.193,30.87,15.61,6.321,2.002,33.131,17.353,18.557,3.479,33.327,24.71,x,x,x,x,x
6.39,x,24.95,x,19.73,17.42,x,13.03,21.42,x,0.2,20.57,20.4,x,x,33.52,x,46.18,x,27.58,28.2,0.04,x,38.49,36.11,44.02,36.85,11.34,x,33.88,21.92,x,13.53,2,x,19.42,28.69,x,41.29,13.62,2.35,32.54,49.07,17.12,x,x,x,x,x,x,34.1905,41.895,21.185,8.5785,2.717,44.9635,23.5505,25.1845,4.7215,45.2295,33.535,47.4145,29.0415,44.327,26.5905,15.257
6.39,40.86,24.95,x,19.73,17.42,x,13.03,21.42,x,x,x,20.4,24.63,42.49,x,x,x,x,27.58,x,0.04,27.85,38.49,x,44.02,x,x,46.96,33.88,21.92,8.44,13.53,2,45.41,19.42,x,x,x,13.62,x,32.54,49.07,x,10.7319,13.0808,23.1819,24.0866,29.0583,19.6295,x,x,x,x,x,x,x,x,x,x,x,x,x,x,x,x
6.39,x,24.95,16.63,x,x,x,13.03,x,x,x,x,20.4,x,x,x,x,46.18,28.52,27.58,x,x,27.85,38.49,36.11,x,x,11.34,46.96,33.88,x,8.44,13.53,x,x,x,28.69,23.58,41.29,13.62,2.35,32.54,x,17.12,2.0688,2.5216,4.4688,4.6432,5.6016,3.784,x,x,x,x,x,x,3.9664,4.2416,0.7952,7.6176,5.648,7.9856,4.8912,7.4656,4.4784,2.5696
x,x,24.95,16.63,x,17.42,x,13.03,21.42,x,x,x,20.4,24.63,42.49,x,13.28,46.18,x,27.58,28.2,x,27.85,38.49,x,44.02,36.85,x,46.96,x,x,x,13.53,2,x,19.42,28.69,x,41.29,13.62,2.35,x,x,x,4.5255,5.516,9.7755,10.157,12.2535,8.2775,x,x,x,x,x,x,x,x,x,x,x,17.4685,10.6995,16.331,9.7965,5.621
6.39,x,24.95,16.63,x,x,46.66,x,21.42,x,0.2,20.57,20.4,24.63,42.49,33.52,x,46.18,28.52,27.58,x,0.04,27.85,x,36.11,44.02,x,11.34,x,x,x,x,13.53,x,x,19.42,x,23.58,x,13.62,x,x,x,17.12,x,x,x,x,x,x,26.9925,33.075,16.725,6.7725,2.145,35.4975,x,x,x,x,x,x,x,x,x,x
x,x,x,x,19.73,x,46.66,x,x,17.05,x,20.57,20.4,x,42.49,33.52,x,46.18,x,x,x,0.04,x,x,36.11,x,36.85,x,x,33.88,21.92,x,13.53,x,x,x,x,x,41.29,x,2.35,32.54,49.07,x,5.3013,6.4616,11.4513,11.8982,14.3541,9.6965,14.7559,18.081,9.143,3.7023,1.1726,19.4053,10.1639,10.8691,2.0377,19.5201,14.473,x,x,x,x,x
6.39,x,x,16.63,19.73,17.42,46.66,x,x,x,0.2,20.57,x,x,x,33.52,13.28,46.18,28.52,x,x,x,27.85,38.49,36.11,x,x,11.34,46.96,x,x,x,x,2,x,19.42,x,x,x,x,x,32.54,x,17.12,0.3879,0.4728,0.8379,0.8706,1.0503,0.7095,1.0797,1.323,0.669,0.2709,0.0858,1.4199,x,x,x,x,x,x,x,x,x,x
x,40.86,24.95,16.63,19.73,x,46.66,13.03,21.42,17.05,x,x,x,x,42.49,33.52,13.28,46.18,x,27.58,28.2,0.04,x,38.49,x,x,36.85,x,46.96,x,21.92,8.44,x,x,x,19.42,28.69,x,x,x,x,x,49.07,17.12,x,x,x,x,x,x,9.3574,11.466,5.798,2.3478,0.7436,12.3058,6.4454,6.8926,1.2922,12.3786,9.178,12.9766,7.9482,12.1316,7.2774,4.1756
6.39,40.86,x,x,19.73,17.42,x,x,21.42,x,0.2,x,x,24.63,42.49,33.52,x,x,28.52,27.58,28.2,x,x,38.49,x,x,x,11.34,x,x,21.92,8.44,13.53,x,45.41,x,x,x,41.29,x,2.35,x,x,17.12,3.879,4.728,8.379,8.706,10.503,7.095,10.797,13.23,6.69,2.709,0.858,14.199,7.437,7.953,1.491,14.283,10.59,14.973,9.171,13.998,8.397,4.818
x,40.86,x,16.63,19.73,17.42,x,x,x,17.05,0.2,20.57,20.4,24.63,x,33.52,13.28,x,x,x,28.2,x,27.85,38.49,36.11,44.02,x,x,46.96,x,x,x,x,2,45.41,19.42,x,x,x,13.62,2.35,x,49.07,x,1.8102,2.2064,3.9102,4.0628,4.9014,3.311,5.0386,6.174,3.122,1.2642,0.4004,6.6262,3.4706,3.7114,0.6958,6.6654,4.942,6.9874,4.2798,6.5324,3.9186,2.2484
x,40.86,x,16.63,19.73,17.42,x,x,x,17.05,x,20.57,20.4,24.63,42.49,x,x,46.18,28.52,27.58,28.2,x,x,x,36.11,44.02,x,11.34,46.96,33.88,x,8.44,13.53,x,45.41,19.42,28.69,23.58,x,13.62,x,x,49.07,x,x,x,x,x,x,x,23.7534,29.106,14.718,5.9598,1.8876,31.2378,16.3614,17.4966,3.2802,31.4226,23.298,32.9406,20.1762,30.7956,18.4734,10.5996
x,40.86,24.95,x,19.73,17.42,46.66,x,x,x,0.2,20.57,x,24.63,x,33.52,x,x,28.52,27.58,x,0.04,x,38.49,x,x,36.85,x,x,33.88,21.92,x,13.53,x,x,19.42,x,23.58,x,x,x,x,49.07,x,11.5077,14.0264,24.8577,25.8278,31.1589,21.0485,32.0311,39.249,19.847,8.0367,2.5454,42.1237,x,x,x,x,x,x,x,x,x,x
6.39,x,x,16.63,19.73,x,46.66,x,x,17.05,0.2,x,20.4,x,42.49,33.52,13.28,x,x,27.58,28.2,0.04,27.85,x,36.11,x,36.85,x,x,x,21.92,x,x,x,45.41,x,x,23.58,x,x,2.35,32.54,x,x,11.1198,13.5536,24.0198,24.9572,30.1086,20.339,x,x,x,x,x,x,21.3194,22.7986,4.2742,40.9446,30.358,x,x,x,x,x
x,40.86,x,16.63,x,17.42,x,13.03,21.42,17.05,0.2,x,20.4,x,x,33.52,13.28,x,28.52,x,28.2,0.04,27.85,38.49,36.11,44.02,36.85,x,x,33.88,x,8.44,13.53,2,45.41,19.42,28.69,x,41.29,x,2.35,x,x,x,7.758,9.456,16.758,17.412,21.006,14.19,21.594,26.46,13.38,5.418,1.716,28.398,x,x,x,x,x,29.946,18.342,27.996,16.794,9.636
6.39,x,x,16.63,19.73,x,x,13.03,x,x,x,x,20.4,24.63,42.49,33.52,x,46.18,x,27.58,28.2,0.04,27.85,x,x,x,x,x,46.96,x,x,8.44,x,x,45.41,x,28.69,23.58,41.29,x,x,32.54,49.07,x,x,x,x,x,x,x,x,x,x,x,x,x,x,x,x,x,x,x,x,x,x,x
x,x,24.95,x,x,x,46.66,13.03,x,x,0.2,x,20.4,x,x,33.52,13.28,46.18,x,x,28.2,x,x,38.49,x,44.02,36.85,x,46.96,33.88,x,x,x,x,45.41,19.42,28.69,23.58,41.29,x,x,32.54,49.07,x,x,x,x,x,x,x,32.391,39.69,20.07,8.127,2.574,42.597,x,x,x,x,x,44.919,27.513,41.994,25.191,14.454
6.39,40.86,24.95,x,19.73,x,46.66,x,21.42,x,x,20.57,x,24.63,42.49,33.52,x,x,x,27.58,28.2,x,27.85,x,x,x,x,x,x,33.88,x,8.44,x,x,45.41,x,x,x,x,x,x,x,49.07,x,12.8007,15.6024,27.6507,28.7298,34.6599,23.4135,35.6301,43.659,22.077,8.9397,2.8314,46.8567,24.5421,26.2449,4.9203,47.1339,34.947,49.4109,30.2643,46.1934,27.7101,15.8994
x,x,x,16.63,19.73,17.42,46.66,13.03,21.42,x,x,20.57,x,24.63,42.49,33.52,x,46.18,28.52,27.58,x,0.04,27.85,38.49,x,44.02,x,11.34,46.96,x,21.92,x,x,x,x,x,x,23.58,41.29,x,x,32.54,x,17.12,x,x,x,x,x,x,x,x,x,x,x,x,x,x,x,x,x,x,x,x,x,x
x,40.86,24.95,x,x,x,46.66,x,21.42,17.05,x,20.57,20.4,x,42.49,33.52,13.28,46.18,28.52,x,28.2,0.04,x,38.49,x,44.02,x,11.34,46.96,33.88,x,x,13.53,x,x,x,x,23.58,41.29,x,x,x,x,x,8.4045,10.244,18.1545,18.863,22.7565,15.3725,x,x,x,x,x,x,x,x,x,x,x,x,x,x,x,x
x,40.86,x,16.63,x,x,46.66,13.03,21.42,x,0.2,x,x,x,x,x,x,x,x,x,28.2,x,27.85,x,36.11,44.02,36.85,x,46.96,33.88,x,x,13.53,x,45.41,19.42,28.69,23.58,x,x,2.35,x,49.07,x,x,x,x,x,x,x,x,x,x,x,x,x,21.8152,23.3288,4.3736,41.8968,31.064,x,x,x,x,x
6.39,x,24.95,x,x,17.42,46.66,13.03,21.42,17.05,0.2,x,20.4,x,42.49,33.52,13.28,x,28.52,x,x,0.04,27.85,38.49,x,x,x,x,46.96,x,x,x,13.53,2,45.41,19.42,28.69,x,x,13.62,x,32.54,49.07,x,x,x,x,x,x,x,x,x,x,x,x,x,21.8152,23.3288,4.3736,41.8968,31.064,x,x,x,x,x
x,40.86,24.95,x,x,17.42,x,13.03,x,x,x,x,20.4,x,x,33.52,13.28,46.18,x,x,28.2,x,x,x,x,x,x,11.34,x,33.88,21.92,x,x,x,45.41,19.42,28.69,23.58,x,13.62,x,32.54,49.07,17.12,3.3618,4.0976,7.2618,7.5452,9.1026,6.149,x,x,x,x,x,x,6.4454,6.8926,1.2922,12.3786,9.178,x,x,x,x,x
x,40.86,x,16.63,x,17.42,x,13.03,21.42,17.05,0.2,20.57,20.4,x,x,33.52,13.28,46.18,28.52,27.58,x,x,27.85,38.49,x,x,36.85,11.34,46.96,x,x,8.44,13.53,x,x,x,x,x,x,x,x,x,x,17.12,x,x,x,x,x,x,x,x,x,x,x,x,x,x,x,x,x,x,x,x,x,x
6.39,x,24.95,x,x,x,46.66,13.03,x,17.05,x,20.57,x,x,x,33.52,x,x,28.52,x,x,0.04,x,x,x,44.02,x,x,x,33.88,21.92,x,x,2,x,x,28.69,23.58,41.29,x,x,32.54,49.07,x,x,x,x,x,x,x,x,x,x,x,x,x,17.6009,18.8221,3.5287,33.8031,25.063,35.4361,21.7047,33.1286,19.8729,11.4026
6.39,40.86,x,x,x,17.42,x,x,x,17.05,0.2,20.57,20.4,24.63,42.49,33.52,13.28,x,x,x,x,0.04,x,38.49,36.11,44.02,36.85,11.34,x,33.88,21.92,x,x,2,45.41,19.42,28.69,x,x,13.62,x,x,49.07,17.12,7.8873,9.6136,17.0373,17.7022,21.3561,14.4265,21.9539,26.901,13.603,5.5083,1.7446,28.8713,x,x,x,x,x,x,x,x,x,x
x,x,x,16.63,19.73,x,x,x,21.42,x,0.2,20.57,x,x,x,x,x,46.18,x,x,x,0.04,27.85,38.49,36.11,x,36.85,11.34,x,x,21.92,x,13.53,2,45.41,19.42,x,23.58,41.29,13.62,2.35,x,x,x,x,x,x,x,x,x,x,x,x,x,x,x,17.8488,19.0872,3.5784,34.2792,25.416,35.9352,22.0104,33.5952,20.1528,11.5632
6.39,40.86,x,x,x,17.42,x,13.03,21.42,x,x,x,20.4,24.63,42.49,33.52,13.28,x,x,27.58,28.2,x,27.85,x,36.11,44.02,36.85,11.34,46.96,33.88,x,8.44,13.53,x,45.41,19.42,x,23.58,41.29,13.62,x,32.54,49.07,x,2.8446,3.4672,6.1446,6.3844,7.7022,5.203,7.9178,9.702,4.906,1.9866,0.6292,10.4126,5.4538,5.8322,1.0934,10.4742,7.766,x,x,x,x,x
6.39,x,x,16.63,19.73,17.42,46.66,x,21.42,x,x,20.57,x,x,x,x,13.28,x,28.52,27.58,28.2,x,x,38.49,x,44.02,36.85,11.34,46.96,x,x,8.44,13.53,x,45.41,x,28.69,23.58,41.29,x,2.35,32.54,49.07,17.12,5.6892,6.9344,12.2892,12.7688,15.4044,10.406,x,x,x,x,x,x,10.9076,11.6644,2.1868,20.9484,15.532,21.9604,13.4508,20.5304,12.3156,7.0664
6.39,40.86,x,16.63,x,17.42,x,x,x,x,x,20.57,20.4,24.63,42.49,x,13.28,x,x,27.58,x,x,27.85,38.49,36.11,x,36.85,x,x,x,21.92,8.44,13.53,x,x,19.42,28.69,x,41.29,x,2.35,32.54,x,17.12,9.6975,11.82,20.9475,21.765,26.2575,17.7375,26.9925,33.075,16.725,6.7725,2.145,35.4975,18.5925,19.8825,3.7275,35.7075,26.475,37.4325,22.9275,34.995,20.9925,12.045
6.39,40.86,24.95,1,1,1,46.66,13.03,21.42,17.05,0.2,20.57,20.4,1,42.49,33.52,13.28,46.18,28.52,27.58,28.2,0.04,27.85,38.49,36.11,44.02,36.85,11.34,46.96,33.88,21.92,8.44,13.53,2,45.41,19.42,28.69,23.58,41.29,13.62,2.35,32.54,49.07,x,12.93,15.76,27.93,29.02,35.01,23.65,35.99,44.1,22.3,9.03,2.86,47.33,24.79,26.51,4.97,47.61,35.3,49.91,30.57,46.66,27.99,16.06
